<?xml version="1.0" encoding="UTF-8"?>
<root>
  <item name="com.google.android.exoplayer2.video.spherical.CameraMotionRenderer int supportsFormat(com.google.android.exoplayer2.Format)">
  </item>
  <item name="com.google.android.exoplayer2.video.spherical.Projection.DrawMode">
    <annotation name="androidx.annotation.IntDef">
      <val name="value" val="{com.google.android.exoplayer2.video.spherical.Projection.DRAW_MODE_TRIANGLES, com.google.android.exoplayer2.video.spherical.Projection.DRAW_MODE_TRIANGLES_STRIP, com.google.android.exoplayer2.video.spherical.Projection.DRAW_MODE_TRIANGLES_FAN}" />
    </annotation>
  </item>
  <item name="com.google.android.exoplayer2.video.spherical.Projection.SubMesh SubMesh(int, float[], float[], int) 3">
    <annotation name="androidx.annotation.IntDef">
      <val name="value" val="{com.google.android.exoplayer2.video.spherical.Projection.DRAW_MODE_TRIANGLES, com.google.android.exoplayer2.video.spherical.Projection.DRAW_MODE_TRIANGLES_STRIP, com.google.android.exoplayer2.video.spherical.Projection.DRAW_MODE_TRIANGLES_FAN}" />
    </annotation>
  </item>
  <item name="com.google.android.exoplayer2.video.spherical.Projection.SubMesh mode">
    <annotation name="androidx.annotation.IntDef">
      <val name="value" val="{com.google.android.exoplayer2.video.spherical.Projection.DRAW_MODE_TRIANGLES, com.google.android.exoplayer2.video.spherical.Projection.DRAW_MODE_TRIANGLES_STRIP, com.google.android.exoplayer2.video.spherical.Projection.DRAW_MODE_TRIANGLES_FAN}" />
    </annotation>
  </item>
</root>

