<?xml version="1.0" encoding="UTF-8"?>
<root>
  <item name="com.google.android.exoplayer2.audio.AacUtil int getEncodingForAudioObjectType(int)">
    <annotation name="androidx.annotation.IntDef">
      <val name="value" val="{com.google.android.exoplayer2.Format.NO_VALUE, com.google.android.exoplayer2.C.ENCODING_INVALID, com.google.android.exoplayer2.C.ENCODING_PCM_8BIT, com.google.android.exoplayer2.C.ENCODING_PCM_16BIT, com.google.android.exoplayer2.C.ENCODING_PCM_16BIT_BIG_ENDIAN, com.google.android.exoplayer2.C.ENCODING_PCM_24BIT, com.google.android.exoplayer2.C.ENCODING_PCM_32BIT, com.google.android.exoplayer2.C.ENCODING_PCM_FLOAT, com.google.android.exoplayer2.C.ENCODING_MP3, com.google.android.exoplayer2.C.ENCODING_AAC_LC, com.google.android.exoplayer2.C.ENCODING_AAC_HE_V1, com.google.android.exoplayer2.C.ENCODING_AAC_HE_V2, com.google.android.exoplayer2.C.ENCODING_AAC_XHE, com.google.android.exoplayer2.C.ENCODING_AAC_ELD, com.google.android.exoplayer2.C.ENCODING_AAC_ER_BSAC, com.google.android.exoplayer2.C.ENCODING_AC3, com.google.android.exoplayer2.C.ENCODING_E_AC3, com.google.android.exoplayer2.C.ENCODING_E_AC3_JOC, com.google.android.exoplayer2.C.ENCODING_AC4, com.google.android.exoplayer2.C.ENCODING_DTS, com.google.android.exoplayer2.C.ENCODING_DTS_HD, com.google.android.exoplayer2.C.ENCODING_DOLBY_TRUEHD}" />
    </annotation>
  </item>
  <item name="com.google.android.exoplayer2.audio.AacUtil int getEncodingForAudioObjectType(int) 0">
    <annotation name="androidx.annotation.IntDef">
      <val name="value" val="{com.google.android.exoplayer2.audio.AacUtil.AUDIO_OBJECT_TYPE_AAC_LC, com.google.android.exoplayer2.audio.AacUtil.AUDIO_OBJECT_TYPE_AAC_SBR, com.google.android.exoplayer2.audio.AacUtil.AUDIO_OBJECT_TYPE_AAC_ER_BSAC, com.google.android.exoplayer2.audio.AacUtil.AUDIO_OBJECT_TYPE_AAC_ELD, com.google.android.exoplayer2.audio.AacUtil.AUDIO_OBJECT_TYPE_AAC_PS, com.google.android.exoplayer2.audio.AacUtil.AUDIO_OBJECT_TYPE_AAC_XHE}" />
    </annotation>
  </item>
  <item name="com.google.android.exoplayer2.audio.AacUtil.AacAudioObjectType">
    <annotation name="androidx.annotation.IntDef">
      <val name="value" val="{com.google.android.exoplayer2.audio.AacUtil.AUDIO_OBJECT_TYPE_AAC_LC, com.google.android.exoplayer2.audio.AacUtil.AUDIO_OBJECT_TYPE_AAC_SBR, com.google.android.exoplayer2.audio.AacUtil.AUDIO_OBJECT_TYPE_AAC_ER_BSAC, com.google.android.exoplayer2.audio.AacUtil.AUDIO_OBJECT_TYPE_AAC_ELD, com.google.android.exoplayer2.audio.AacUtil.AUDIO_OBJECT_TYPE_AAC_PS, com.google.android.exoplayer2.audio.AacUtil.AUDIO_OBJECT_TYPE_AAC_XHE}" />
    </annotation>
  </item>
  <item name="com.google.android.exoplayer2.audio.Ac3Util.SyncFrameInfo SyncFrameInfo(java.lang.String, int, int, int, int, int) 1">
    <annotation name="androidx.annotation.IntDef">
      <val name="value" val="{com.google.android.exoplayer2.audio.Ac3Util.SyncFrameInfo.STREAM_TYPE_UNDEFINED, com.google.android.exoplayer2.audio.Ac3Util.SyncFrameInfo.STREAM_TYPE_TYPE0, com.google.android.exoplayer2.audio.Ac3Util.SyncFrameInfo.STREAM_TYPE_TYPE1, com.google.android.exoplayer2.audio.Ac3Util.SyncFrameInfo.STREAM_TYPE_TYPE2}" />
    </annotation>
  </item>
  <item name="com.google.android.exoplayer2.audio.Ac3Util.SyncFrameInfo streamType">
    <annotation name="androidx.annotation.IntDef">
      <val name="value" val="{com.google.android.exoplayer2.audio.Ac3Util.SyncFrameInfo.STREAM_TYPE_UNDEFINED, com.google.android.exoplayer2.audio.Ac3Util.SyncFrameInfo.STREAM_TYPE_TYPE0, com.google.android.exoplayer2.audio.Ac3Util.SyncFrameInfo.STREAM_TYPE_TYPE1, com.google.android.exoplayer2.audio.Ac3Util.SyncFrameInfo.STREAM_TYPE_TYPE2}" />
    </annotation>
  </item>
  <item name="com.google.android.exoplayer2.audio.Ac3Util.SyncFrameInfo.StreamType">
    <annotation name="androidx.annotation.IntDef">
      <val name="value" val="{com.google.android.exoplayer2.audio.Ac3Util.SyncFrameInfo.STREAM_TYPE_UNDEFINED, com.google.android.exoplayer2.audio.Ac3Util.SyncFrameInfo.STREAM_TYPE_TYPE0, com.google.android.exoplayer2.audio.Ac3Util.SyncFrameInfo.STREAM_TYPE_TYPE1, com.google.android.exoplayer2.audio.Ac3Util.SyncFrameInfo.STREAM_TYPE_TYPE2}" />
    </annotation>
  </item>
  <item name="com.google.android.exoplayer2.audio.AudioAttributes AudioAttributes(int, int, int, int) 0">
    <annotation name="androidx.annotation.IntDef">
      <val name="value" val="{com.google.android.exoplayer2.C.CONTENT_TYPE_MOVIE, com.google.android.exoplayer2.C.CONTENT_TYPE_MUSIC, com.google.android.exoplayer2.C.CONTENT_TYPE_SONIFICATION, com.google.android.exoplayer2.C.CONTENT_TYPE_SPEECH, com.google.android.exoplayer2.C.CONTENT_TYPE_UNKNOWN}" />
    </annotation>
  </item>
  <item name="com.google.android.exoplayer2.audio.AudioAttributes AudioAttributes(int, int, int, int) 1">
    <annotation name="androidx.annotation.IntDef">
      <val name="flag" val="true" />
      <val name="value" val="{com.google.android.exoplayer2.C.FLAG_AUDIBILITY_ENFORCED}" />
    </annotation>
  </item>
  <item name="com.google.android.exoplayer2.audio.AudioAttributes AudioAttributes(int, int, int, int) 2">
    <annotation name="androidx.annotation.IntDef">
      <val name="value" val="{com.google.android.exoplayer2.C.USAGE_ALARM, com.google.android.exoplayer2.C.USAGE_ASSISTANCE_ACCESSIBILITY, com.google.android.exoplayer2.C.USAGE_ASSISTANCE_NAVIGATION_GUIDANCE, com.google.android.exoplayer2.C.USAGE_ASSISTANCE_SONIFICATION, com.google.android.exoplayer2.C.USAGE_ASSISTANT, com.google.android.exoplayer2.C.USAGE_GAME, com.google.android.exoplayer2.C.USAGE_MEDIA, com.google.android.exoplayer2.C.USAGE_NOTIFICATION, com.google.android.exoplayer2.C.USAGE_NOTIFICATION_COMMUNICATION_DELAYED, com.google.android.exoplayer2.C.USAGE_NOTIFICATION_COMMUNICATION_INSTANT, com.google.android.exoplayer2.C.USAGE_NOTIFICATION_COMMUNICATION_REQUEST, com.google.android.exoplayer2.C.USAGE_NOTIFICATION_EVENT, com.google.android.exoplayer2.C.USAGE_NOTIFICATION_RINGTONE, com.google.android.exoplayer2.C.USAGE_UNKNOWN, com.google.android.exoplayer2.C.USAGE_VOICE_COMMUNICATION, com.google.android.exoplayer2.C.USAGE_VOICE_COMMUNICATION_SIGNALLING}" />
    </annotation>
  </item>
  <item name="com.google.android.exoplayer2.audio.AudioAttributes AudioAttributes(int, int, int, int) 3">
    <annotation name="androidx.annotation.IntDef">
      <val name="value" val="{com.google.android.exoplayer2.C.ALLOW_CAPTURE_BY_ALL, com.google.android.exoplayer2.C.ALLOW_CAPTURE_BY_NONE, com.google.android.exoplayer2.C.ALLOW_CAPTURE_BY_SYSTEM}" />
    </annotation>
  </item>
  <item name="com.google.android.exoplayer2.audio.AudioAttributes allowedCapturePolicy">
    <annotation name="androidx.annotation.IntDef">
      <val name="value" val="{com.google.android.exoplayer2.C.ALLOW_CAPTURE_BY_ALL, com.google.android.exoplayer2.C.ALLOW_CAPTURE_BY_NONE, com.google.android.exoplayer2.C.ALLOW_CAPTURE_BY_SYSTEM}" />
    </annotation>
  </item>
  <item name="com.google.android.exoplayer2.audio.AudioAttributes contentType">
    <annotation name="androidx.annotation.IntDef">
      <val name="value" val="{com.google.android.exoplayer2.C.CONTENT_TYPE_MOVIE, com.google.android.exoplayer2.C.CONTENT_TYPE_MUSIC, com.google.android.exoplayer2.C.CONTENT_TYPE_SONIFICATION, com.google.android.exoplayer2.C.CONTENT_TYPE_SPEECH, com.google.android.exoplayer2.C.CONTENT_TYPE_UNKNOWN}" />
    </annotation>
  </item>
  <item name="com.google.android.exoplayer2.audio.AudioAttributes flags">
    <annotation name="androidx.annotation.IntDef">
      <val name="flag" val="true" />
      <val name="value" val="{com.google.android.exoplayer2.C.FLAG_AUDIBILITY_ENFORCED}" />
    </annotation>
  </item>
  <item name="com.google.android.exoplayer2.audio.AudioAttributes usage">
    <annotation name="androidx.annotation.IntDef">
      <val name="value" val="{com.google.android.exoplayer2.C.USAGE_ALARM, com.google.android.exoplayer2.C.USAGE_ASSISTANCE_ACCESSIBILITY, com.google.android.exoplayer2.C.USAGE_ASSISTANCE_NAVIGATION_GUIDANCE, com.google.android.exoplayer2.C.USAGE_ASSISTANCE_SONIFICATION, com.google.android.exoplayer2.C.USAGE_ASSISTANT, com.google.android.exoplayer2.C.USAGE_GAME, com.google.android.exoplayer2.C.USAGE_MEDIA, com.google.android.exoplayer2.C.USAGE_NOTIFICATION, com.google.android.exoplayer2.C.USAGE_NOTIFICATION_COMMUNICATION_DELAYED, com.google.android.exoplayer2.C.USAGE_NOTIFICATION_COMMUNICATION_INSTANT, com.google.android.exoplayer2.C.USAGE_NOTIFICATION_COMMUNICATION_REQUEST, com.google.android.exoplayer2.C.USAGE_NOTIFICATION_EVENT, com.google.android.exoplayer2.C.USAGE_NOTIFICATION_RINGTONE, com.google.android.exoplayer2.C.USAGE_UNKNOWN, com.google.android.exoplayer2.C.USAGE_VOICE_COMMUNICATION, com.google.android.exoplayer2.C.USAGE_VOICE_COMMUNICATION_SIGNALLING}" />
    </annotation>
  </item>
  <item name="com.google.android.exoplayer2.audio.AudioAttributes.Builder allowedCapturePolicy">
    <annotation name="androidx.annotation.IntDef">
      <val name="value" val="{com.google.android.exoplayer2.C.ALLOW_CAPTURE_BY_ALL, com.google.android.exoplayer2.C.ALLOW_CAPTURE_BY_NONE, com.google.android.exoplayer2.C.ALLOW_CAPTURE_BY_SYSTEM}" />
    </annotation>
  </item>
  <item name="com.google.android.exoplayer2.audio.AudioAttributes.Builder com.google.android.exoplayer2.audio.AudioAttributes.Builder setAllowedCapturePolicy(int) 0">
    <annotation name="androidx.annotation.IntDef">
      <val name="value" val="{com.google.android.exoplayer2.C.ALLOW_CAPTURE_BY_ALL, com.google.android.exoplayer2.C.ALLOW_CAPTURE_BY_NONE, com.google.android.exoplayer2.C.ALLOW_CAPTURE_BY_SYSTEM}" />
    </annotation>
  </item>
  <item name="com.google.android.exoplayer2.audio.AudioAttributes.Builder com.google.android.exoplayer2.audio.AudioAttributes.Builder setContentType(int) 0">
    <annotation name="androidx.annotation.IntDef">
      <val name="value" val="{com.google.android.exoplayer2.C.CONTENT_TYPE_MOVIE, com.google.android.exoplayer2.C.CONTENT_TYPE_MUSIC, com.google.android.exoplayer2.C.CONTENT_TYPE_SONIFICATION, com.google.android.exoplayer2.C.CONTENT_TYPE_SPEECH, com.google.android.exoplayer2.C.CONTENT_TYPE_UNKNOWN}" />
    </annotation>
  </item>
  <item name="com.google.android.exoplayer2.audio.AudioAttributes.Builder com.google.android.exoplayer2.audio.AudioAttributes.Builder setFlags(int) 0">
    <annotation name="androidx.annotation.IntDef">
      <val name="flag" val="true" />
      <val name="value" val="{com.google.android.exoplayer2.C.FLAG_AUDIBILITY_ENFORCED}" />
    </annotation>
  </item>
  <item name="com.google.android.exoplayer2.audio.AudioAttributes.Builder com.google.android.exoplayer2.audio.AudioAttributes.Builder setUsage(int) 0">
    <annotation name="androidx.annotation.IntDef">
      <val name="value" val="{com.google.android.exoplayer2.C.USAGE_ALARM, com.google.android.exoplayer2.C.USAGE_ASSISTANCE_ACCESSIBILITY, com.google.android.exoplayer2.C.USAGE_ASSISTANCE_NAVIGATION_GUIDANCE, com.google.android.exoplayer2.C.USAGE_ASSISTANCE_SONIFICATION, com.google.android.exoplayer2.C.USAGE_ASSISTANT, com.google.android.exoplayer2.C.USAGE_GAME, com.google.android.exoplayer2.C.USAGE_MEDIA, com.google.android.exoplayer2.C.USAGE_NOTIFICATION, com.google.android.exoplayer2.C.USAGE_NOTIFICATION_COMMUNICATION_DELAYED, com.google.android.exoplayer2.C.USAGE_NOTIFICATION_COMMUNICATION_INSTANT, com.google.android.exoplayer2.C.USAGE_NOTIFICATION_COMMUNICATION_REQUEST, com.google.android.exoplayer2.C.USAGE_NOTIFICATION_EVENT, com.google.android.exoplayer2.C.USAGE_NOTIFICATION_RINGTONE, com.google.android.exoplayer2.C.USAGE_UNKNOWN, com.google.android.exoplayer2.C.USAGE_VOICE_COMMUNICATION, com.google.android.exoplayer2.C.USAGE_VOICE_COMMUNICATION_SIGNALLING}" />
    </annotation>
  </item>
  <item name="com.google.android.exoplayer2.audio.AudioAttributes.Builder contentType">
    <annotation name="androidx.annotation.IntDef">
      <val name="value" val="{com.google.android.exoplayer2.C.CONTENT_TYPE_MOVIE, com.google.android.exoplayer2.C.CONTENT_TYPE_MUSIC, com.google.android.exoplayer2.C.CONTENT_TYPE_SONIFICATION, com.google.android.exoplayer2.C.CONTENT_TYPE_SPEECH, com.google.android.exoplayer2.C.CONTENT_TYPE_UNKNOWN}" />
    </annotation>
  </item>
  <item name="com.google.android.exoplayer2.audio.AudioAttributes.Builder flags">
    <annotation name="androidx.annotation.IntDef">
      <val name="flag" val="true" />
      <val name="value" val="{com.google.android.exoplayer2.C.FLAG_AUDIBILITY_ENFORCED}" />
    </annotation>
  </item>
  <item name="com.google.android.exoplayer2.audio.AudioAttributes.Builder usage">
    <annotation name="androidx.annotation.IntDef">
      <val name="value" val="{com.google.android.exoplayer2.C.USAGE_ALARM, com.google.android.exoplayer2.C.USAGE_ASSISTANCE_ACCESSIBILITY, com.google.android.exoplayer2.C.USAGE_ASSISTANCE_NAVIGATION_GUIDANCE, com.google.android.exoplayer2.C.USAGE_ASSISTANCE_SONIFICATION, com.google.android.exoplayer2.C.USAGE_ASSISTANT, com.google.android.exoplayer2.C.USAGE_GAME, com.google.android.exoplayer2.C.USAGE_MEDIA, com.google.android.exoplayer2.C.USAGE_NOTIFICATION, com.google.android.exoplayer2.C.USAGE_NOTIFICATION_COMMUNICATION_DELAYED, com.google.android.exoplayer2.C.USAGE_NOTIFICATION_COMMUNICATION_INSTANT, com.google.android.exoplayer2.C.USAGE_NOTIFICATION_COMMUNICATION_REQUEST, com.google.android.exoplayer2.C.USAGE_NOTIFICATION_EVENT, com.google.android.exoplayer2.C.USAGE_NOTIFICATION_RINGTONE, com.google.android.exoplayer2.C.USAGE_UNKNOWN, com.google.android.exoplayer2.C.USAGE_VOICE_COMMUNICATION, com.google.android.exoplayer2.C.USAGE_VOICE_COMMUNICATION_SIGNALLING}" />
    </annotation>
  </item>
  <item name="com.google.android.exoplayer2.audio.WavUtil int getPcmEncodingForType(int, int)">
    <annotation name="androidx.annotation.IntDef">
      <val name="value" val="{com.google.android.exoplayer2.Format.NO_VALUE, com.google.android.exoplayer2.C.ENCODING_INVALID, com.google.android.exoplayer2.C.ENCODING_PCM_8BIT, com.google.android.exoplayer2.C.ENCODING_PCM_16BIT, com.google.android.exoplayer2.C.ENCODING_PCM_16BIT_BIG_ENDIAN, com.google.android.exoplayer2.C.ENCODING_PCM_24BIT, com.google.android.exoplayer2.C.ENCODING_PCM_32BIT, com.google.android.exoplayer2.C.ENCODING_PCM_FLOAT}" />
    </annotation>
  </item>
  <item name="com.google.android.exoplayer2.audio.WavUtil int getTypeForPcmEncoding(int) 0">
    <annotation name="androidx.annotation.IntDef">
      <val name="value" val="{com.google.android.exoplayer2.Format.NO_VALUE, com.google.android.exoplayer2.C.ENCODING_INVALID, com.google.android.exoplayer2.C.ENCODING_PCM_8BIT, com.google.android.exoplayer2.C.ENCODING_PCM_16BIT, com.google.android.exoplayer2.C.ENCODING_PCM_16BIT_BIG_ENDIAN, com.google.android.exoplayer2.C.ENCODING_PCM_24BIT, com.google.android.exoplayer2.C.ENCODING_PCM_32BIT, com.google.android.exoplayer2.C.ENCODING_PCM_FLOAT}" />
    </annotation>
  </item>
</root>

