<?xml version="1.0" encoding="UTF-8"?>
<root>
  <item name="com.google.android.exoplayer2.source.hls.HlsMediaPeriod HlsMediaPeriod(com.google.android.exoplayer2.source.hls.HlsExtractorFactory, com.google.android.exoplayer2.source.hls.playlist.HlsPlaylistTracker, com.google.android.exoplayer2.source.hls.HlsDataSourceFactory, com.google.android.exoplayer2.upstream.TransferListener, com.google.android.exoplayer2.drm.DrmSessionManager, com.google.android.exoplayer2.drm.DrmSessionEventListener.EventDispatcher, com.google.android.exoplayer2.upstream.LoadErrorHandlingPolicy, com.google.android.exoplayer2.source.MediaSourceEventListener.EventDispatcher, com.google.android.exoplayer2.upstream.Allocator, com.google.android.exoplayer2.source.CompositeSequenceableLoaderFactory, boolean, int, boolean) 11">
    <annotation name="androidx.annotation.IntDef">
      <val name="value" val="{com.google.android.exoplayer2.source.hls.HlsMediaSource.METADATA_TYPE_ID3, com.google.android.exoplayer2.source.hls.HlsMediaSource.METADATA_TYPE_EMSG}" />
    </annotation>
  </item>
  <item name="com.google.android.exoplayer2.source.hls.HlsMediaPeriod metadataType">
    <annotation name="androidx.annotation.IntDef">
      <val name="value" val="{com.google.android.exoplayer2.source.hls.HlsMediaSource.METADATA_TYPE_ID3, com.google.android.exoplayer2.source.hls.HlsMediaSource.METADATA_TYPE_EMSG}" />
    </annotation>
  </item>
  <item name="com.google.android.exoplayer2.source.hls.HlsMediaSource HlsMediaSource(com.google.android.exoplayer2.MediaItem, com.google.android.exoplayer2.source.hls.HlsDataSourceFactory, com.google.android.exoplayer2.source.hls.HlsExtractorFactory, com.google.android.exoplayer2.source.CompositeSequenceableLoaderFactory, com.google.android.exoplayer2.drm.DrmSessionManager, com.google.android.exoplayer2.upstream.LoadErrorHandlingPolicy, com.google.android.exoplayer2.source.hls.playlist.HlsPlaylistTracker, boolean, int, boolean) 8">
    <annotation name="androidx.annotation.IntDef">
      <val name="value" val="{com.google.android.exoplayer2.source.hls.HlsMediaSource.METADATA_TYPE_ID3, com.google.android.exoplayer2.source.hls.HlsMediaSource.METADATA_TYPE_EMSG}" />
    </annotation>
  </item>
  <item name="com.google.android.exoplayer2.source.hls.HlsMediaSource metadataType">
    <annotation name="androidx.annotation.IntDef">
      <val name="value" val="{com.google.android.exoplayer2.source.hls.HlsMediaSource.METADATA_TYPE_ID3, com.google.android.exoplayer2.source.hls.HlsMediaSource.METADATA_TYPE_EMSG}" />
    </annotation>
  </item>
  <item name="com.google.android.exoplayer2.source.hls.HlsMediaSource.Factory com.google.android.exoplayer2.source.hls.HlsMediaSource.Factory setMetadataType(int) 0">
    <annotation name="androidx.annotation.IntDef">
      <val name="value" val="{com.google.android.exoplayer2.source.hls.HlsMediaSource.METADATA_TYPE_ID3, com.google.android.exoplayer2.source.hls.HlsMediaSource.METADATA_TYPE_EMSG}" />
    </annotation>
  </item>
  <item name="com.google.android.exoplayer2.source.hls.HlsMediaSource.Factory metadataType">
    <annotation name="androidx.annotation.IntDef">
      <val name="value" val="{com.google.android.exoplayer2.source.hls.HlsMediaSource.METADATA_TYPE_ID3, com.google.android.exoplayer2.source.hls.HlsMediaSource.METADATA_TYPE_EMSG}" />
    </annotation>
  </item>
  <item name="com.google.android.exoplayer2.source.hls.HlsMediaSource.MetadataType">
    <annotation name="androidx.annotation.IntDef">
      <val name="value" val="{com.google.android.exoplayer2.source.hls.HlsMediaSource.METADATA_TYPE_ID3, com.google.android.exoplayer2.source.hls.HlsMediaSource.METADATA_TYPE_EMSG}" />
    </annotation>
  </item>
  <item name="com.google.android.exoplayer2.source.hls.HlsSampleStreamWrapper HlsSampleStreamWrapper(int, com.google.android.exoplayer2.source.hls.HlsSampleStreamWrapper.Callback, com.google.android.exoplayer2.source.hls.HlsChunkSource, java.util.Map&lt;java.lang.String,com.google.android.exoplayer2.drm.DrmInitData&gt;, com.google.android.exoplayer2.upstream.Allocator, long, com.google.android.exoplayer2.Format, com.google.android.exoplayer2.drm.DrmSessionManager, com.google.android.exoplayer2.drm.DrmSessionEventListener.EventDispatcher, com.google.android.exoplayer2.upstream.LoadErrorHandlingPolicy, com.google.android.exoplayer2.source.MediaSourceEventListener.EventDispatcher, int) 11">
    <annotation name="androidx.annotation.IntDef">
      <val name="value" val="{com.google.android.exoplayer2.source.hls.HlsMediaSource.METADATA_TYPE_ID3, com.google.android.exoplayer2.source.hls.HlsMediaSource.METADATA_TYPE_EMSG}" />
    </annotation>
  </item>
  <item name="com.google.android.exoplayer2.source.hls.HlsSampleStreamWrapper metadataType">
    <annotation name="androidx.annotation.IntDef">
      <val name="value" val="{com.google.android.exoplayer2.source.hls.HlsMediaSource.METADATA_TYPE_ID3, com.google.android.exoplayer2.source.hls.HlsMediaSource.METADATA_TYPE_EMSG}" />
    </annotation>
  </item>
  <item name="com.google.android.exoplayer2.source.hls.HlsSampleStreamWrapper.EmsgUnwrappingTrackOutput EmsgUnwrappingTrackOutput(com.google.android.exoplayer2.extractor.TrackOutput, int) 1">
    <annotation name="androidx.annotation.IntDef">
      <val name="value" val="{com.google.android.exoplayer2.source.hls.HlsMediaSource.METADATA_TYPE_ID3, com.google.android.exoplayer2.source.hls.HlsMediaSource.METADATA_TYPE_EMSG}" />
    </annotation>
  </item>
</root>

