<?xml version="1.0" encoding="UTF-8"?>
<root>
  <item name="com.google.android.exoplayer2.C.AudioAllowedCapturePolicy">
    <annotation name="androidx.annotation.IntDef">
      <val name="value" val="{com.google.android.exoplayer2.C.ALLOW_CAPTURE_BY_ALL, com.google.android.exoplayer2.C.ALLOW_CAPTURE_BY_NONE, com.google.android.exoplayer2.C.ALLOW_CAPTURE_BY_SYSTEM}" />
    </annotation>
  </item>
  <item name="com.google.android.exoplayer2.C.AudioContentType">
    <annotation name="androidx.annotation.IntDef">
      <val name="value" val="{com.google.android.exoplayer2.C.CONTENT_TYPE_MOVIE, com.google.android.exoplayer2.C.CONTENT_TYPE_MUSIC, com.google.android.exoplayer2.C.CONTENT_TYPE_SONIFICATION, com.google.android.exoplayer2.C.CONTENT_TYPE_SPEECH, com.google.android.exoplayer2.C.CONTENT_TYPE_UNKNOWN}" />
    </annotation>
  </item>
  <item name="com.google.android.exoplayer2.C.AudioFlags">
    <annotation name="androidx.annotation.IntDef">
      <val name="flag" val="true" />
      <val name="value" val="{com.google.android.exoplayer2.C.FLAG_AUDIBILITY_ENFORCED}" />
    </annotation>
  </item>
  <item name="com.google.android.exoplayer2.C.AudioFocusGain">
    <annotation name="androidx.annotation.IntDef">
      <val name="value" val="{com.google.android.exoplayer2.C.AUDIOFOCUS_NONE, com.google.android.exoplayer2.C.AUDIOFOCUS_GAIN, com.google.android.exoplayer2.C.AUDIOFOCUS_GAIN_TRANSIENT, com.google.android.exoplayer2.C.AUDIOFOCUS_GAIN_TRANSIENT_MAY_DUCK, com.google.android.exoplayer2.C.AUDIOFOCUS_GAIN_TRANSIENT_EXCLUSIVE}" />
    </annotation>
  </item>
  <item name="com.google.android.exoplayer2.C.AudioUsage">
    <annotation name="androidx.annotation.IntDef">
      <val name="value" val="{com.google.android.exoplayer2.C.USAGE_ALARM, com.google.android.exoplayer2.C.USAGE_ASSISTANCE_ACCESSIBILITY, com.google.android.exoplayer2.C.USAGE_ASSISTANCE_NAVIGATION_GUIDANCE, com.google.android.exoplayer2.C.USAGE_ASSISTANCE_SONIFICATION, com.google.android.exoplayer2.C.USAGE_ASSISTANT, com.google.android.exoplayer2.C.USAGE_GAME, com.google.android.exoplayer2.C.USAGE_MEDIA, com.google.android.exoplayer2.C.USAGE_NOTIFICATION, com.google.android.exoplayer2.C.USAGE_NOTIFICATION_COMMUNICATION_DELAYED, com.google.android.exoplayer2.C.USAGE_NOTIFICATION_COMMUNICATION_INSTANT, com.google.android.exoplayer2.C.USAGE_NOTIFICATION_COMMUNICATION_REQUEST, com.google.android.exoplayer2.C.USAGE_NOTIFICATION_EVENT, com.google.android.exoplayer2.C.USAGE_NOTIFICATION_RINGTONE, com.google.android.exoplayer2.C.USAGE_UNKNOWN, com.google.android.exoplayer2.C.USAGE_VOICE_COMMUNICATION, com.google.android.exoplayer2.C.USAGE_VOICE_COMMUNICATION_SIGNALLING}" />
    </annotation>
  </item>
  <item name="com.google.android.exoplayer2.C.BufferFlags">
    <annotation name="androidx.annotation.IntDef">
      <val name="flag" val="true" />
      <val name="value" val="{com.google.android.exoplayer2.C.BUFFER_FLAG_KEY_FRAME, com.google.android.exoplayer2.C.BUFFER_FLAG_END_OF_STREAM, com.google.android.exoplayer2.C.BUFFER_FLAG_HAS_SUPPLEMENTAL_DATA, com.google.android.exoplayer2.C.BUFFER_FLAG_LAST_SAMPLE, com.google.android.exoplayer2.C.BUFFER_FLAG_ENCRYPTED, com.google.android.exoplayer2.C.BUFFER_FLAG_DECODE_ONLY}" />
    </annotation>
  </item>
  <item name="com.google.android.exoplayer2.C.ColorRange">
    <annotation name="androidx.annotation.IntDef">
      <val name="value" val="{com.google.android.exoplayer2.Format.NO_VALUE, com.google.android.exoplayer2.C.COLOR_RANGE_LIMITED, com.google.android.exoplayer2.C.COLOR_RANGE_FULL}" />
    </annotation>
  </item>
  <item name="com.google.android.exoplayer2.C.ColorSpace">
    <annotation name="androidx.annotation.IntDef">
      <val name="value" val="{com.google.android.exoplayer2.Format.NO_VALUE, com.google.android.exoplayer2.C.COLOR_SPACE_BT709, com.google.android.exoplayer2.C.COLOR_SPACE_BT601, com.google.android.exoplayer2.C.COLOR_SPACE_BT2020}" />
    </annotation>
  </item>
  <item name="com.google.android.exoplayer2.C.ColorTransfer">
    <annotation name="androidx.annotation.IntDef">
      <val name="value" val="{com.google.android.exoplayer2.Format.NO_VALUE, com.google.android.exoplayer2.C.COLOR_TRANSFER_SDR, com.google.android.exoplayer2.C.COLOR_TRANSFER_ST2084, com.google.android.exoplayer2.C.COLOR_TRANSFER_HLG}" />
    </annotation>
  </item>
  <item name="com.google.android.exoplayer2.C.ContentType">
    <annotation name="androidx.annotation.IntDef">
      <val name="value" val="{com.google.android.exoplayer2.C.TYPE_DASH, com.google.android.exoplayer2.C.TYPE_SS, com.google.android.exoplayer2.C.TYPE_HLS, com.google.android.exoplayer2.C.TYPE_OTHER}" />
    </annotation>
  </item>
  <item name="com.google.android.exoplayer2.C.CryptoMode">
    <annotation name="androidx.annotation.IntDef">
      <val name="value" val="{com.google.android.exoplayer2.C.CRYPTO_MODE_UNENCRYPTED, com.google.android.exoplayer2.C.CRYPTO_MODE_AES_CTR, com.google.android.exoplayer2.C.CRYPTO_MODE_AES_CBC}" />
    </annotation>
  </item>
  <item name="com.google.android.exoplayer2.C.Encoding">
    <annotation name="androidx.annotation.IntDef">
      <val name="value" val="{com.google.android.exoplayer2.Format.NO_VALUE, com.google.android.exoplayer2.C.ENCODING_INVALID, com.google.android.exoplayer2.C.ENCODING_PCM_8BIT, com.google.android.exoplayer2.C.ENCODING_PCM_16BIT, com.google.android.exoplayer2.C.ENCODING_PCM_16BIT_BIG_ENDIAN, com.google.android.exoplayer2.C.ENCODING_PCM_24BIT, com.google.android.exoplayer2.C.ENCODING_PCM_32BIT, com.google.android.exoplayer2.C.ENCODING_PCM_FLOAT, com.google.android.exoplayer2.C.ENCODING_MP3, com.google.android.exoplayer2.C.ENCODING_AAC_LC, com.google.android.exoplayer2.C.ENCODING_AAC_HE_V1, com.google.android.exoplayer2.C.ENCODING_AAC_HE_V2, com.google.android.exoplayer2.C.ENCODING_AAC_XHE, com.google.android.exoplayer2.C.ENCODING_AAC_ELD, com.google.android.exoplayer2.C.ENCODING_AAC_ER_BSAC, com.google.android.exoplayer2.C.ENCODING_AC3, com.google.android.exoplayer2.C.ENCODING_E_AC3, com.google.android.exoplayer2.C.ENCODING_E_AC3_JOC, com.google.android.exoplayer2.C.ENCODING_AC4, com.google.android.exoplayer2.C.ENCODING_DTS, com.google.android.exoplayer2.C.ENCODING_DTS_HD, com.google.android.exoplayer2.C.ENCODING_DOLBY_TRUEHD}" />
    </annotation>
  </item>
  <item name="com.google.android.exoplayer2.C.NetworkType">
    <annotation name="androidx.annotation.IntDef">
      <val name="value" val="{com.google.android.exoplayer2.C.NETWORK_TYPE_UNKNOWN, com.google.android.exoplayer2.C.NETWORK_TYPE_OFFLINE, com.google.android.exoplayer2.C.NETWORK_TYPE_WIFI, com.google.android.exoplayer2.C.NETWORK_TYPE_2G, com.google.android.exoplayer2.C.NETWORK_TYPE_3G, com.google.android.exoplayer2.C.NETWORK_TYPE_4G, com.google.android.exoplayer2.C.NETWORK_TYPE_5G, com.google.android.exoplayer2.C.NETWORK_TYPE_CELLULAR_UNKNOWN, com.google.android.exoplayer2.C.NETWORK_TYPE_ETHERNET, com.google.android.exoplayer2.C.NETWORK_TYPE_OTHER}" />
    </annotation>
  </item>
  <item name="com.google.android.exoplayer2.C.PcmEncoding">
    <annotation name="androidx.annotation.IntDef">
      <val name="value" val="{com.google.android.exoplayer2.Format.NO_VALUE, com.google.android.exoplayer2.C.ENCODING_INVALID, com.google.android.exoplayer2.C.ENCODING_PCM_8BIT, com.google.android.exoplayer2.C.ENCODING_PCM_16BIT, com.google.android.exoplayer2.C.ENCODING_PCM_16BIT_BIG_ENDIAN, com.google.android.exoplayer2.C.ENCODING_PCM_24BIT, com.google.android.exoplayer2.C.ENCODING_PCM_32BIT, com.google.android.exoplayer2.C.ENCODING_PCM_FLOAT}" />
    </annotation>
  </item>
  <item name="com.google.android.exoplayer2.C.Projection">
    <annotation name="androidx.annotation.IntDef">
      <val name="value" val="{com.google.android.exoplayer2.Format.NO_VALUE, com.google.android.exoplayer2.C.PROJECTION_RECTANGULAR, com.google.android.exoplayer2.C.PROJECTION_EQUIRECTANGULAR, com.google.android.exoplayer2.C.PROJECTION_CUBEMAP, com.google.android.exoplayer2.C.PROJECTION_MESH}" />
    </annotation>
  </item>
  <item name="com.google.android.exoplayer2.C.RoleFlags">
    <annotation name="androidx.annotation.IntDef">
      <val name="flag" val="true" />
      <val name="value" val="{com.google.android.exoplayer2.C.ROLE_FLAG_MAIN, com.google.android.exoplayer2.C.ROLE_FLAG_ALTERNATE, com.google.android.exoplayer2.C.ROLE_FLAG_SUPPLEMENTARY, com.google.android.exoplayer2.C.ROLE_FLAG_COMMENTARY, com.google.android.exoplayer2.C.ROLE_FLAG_DUB, com.google.android.exoplayer2.C.ROLE_FLAG_EMERGENCY, com.google.android.exoplayer2.C.ROLE_FLAG_CAPTION, com.google.android.exoplayer2.C.ROLE_FLAG_SUBTITLE, com.google.android.exoplayer2.C.ROLE_FLAG_SIGN, com.google.android.exoplayer2.C.ROLE_FLAG_DESCRIBES_VIDEO, com.google.android.exoplayer2.C.ROLE_FLAG_DESCRIBES_MUSIC_AND_SOUND, com.google.android.exoplayer2.C.ROLE_FLAG_ENHANCED_DIALOG_INTELLIGIBILITY, com.google.android.exoplayer2.C.ROLE_FLAG_TRANSCRIBES_DIALOG, com.google.android.exoplayer2.C.ROLE_FLAG_EASY_TO_READ, com.google.android.exoplayer2.C.ROLE_FLAG_TRICK_PLAY}" />
    </annotation>
  </item>
  <item name="com.google.android.exoplayer2.C.SelectionFlags">
    <annotation name="androidx.annotation.IntDef">
      <val name="flag" val="true" />
      <val name="value" val="{com.google.android.exoplayer2.C.SELECTION_FLAG_DEFAULT, com.google.android.exoplayer2.C.SELECTION_FLAG_FORCED, com.google.android.exoplayer2.C.SELECTION_FLAG_AUTOSELECT}" />
    </annotation>
  </item>
  <item name="com.google.android.exoplayer2.C.StereoMode">
    <annotation name="androidx.annotation.IntDef">
      <val name="value" val="{com.google.android.exoplayer2.Format.NO_VALUE, com.google.android.exoplayer2.C.STEREO_MODE_MONO, com.google.android.exoplayer2.C.STEREO_MODE_TOP_BOTTOM, com.google.android.exoplayer2.C.STEREO_MODE_LEFT_RIGHT, com.google.android.exoplayer2.C.STEREO_MODE_STEREO_MESH}" />
    </annotation>
  </item>
  <item name="com.google.android.exoplayer2.C.StreamType">
    <annotation name="androidx.annotation.IntDef">
      <val name="value" val="{com.google.android.exoplayer2.C.STREAM_TYPE_ALARM, com.google.android.exoplayer2.C.STREAM_TYPE_DTMF, com.google.android.exoplayer2.C.STREAM_TYPE_MUSIC, com.google.android.exoplayer2.C.STREAM_TYPE_NOTIFICATION, com.google.android.exoplayer2.C.STREAM_TYPE_RING, com.google.android.exoplayer2.C.STREAM_TYPE_SYSTEM, com.google.android.exoplayer2.C.STREAM_TYPE_VOICE_CALL, com.google.android.exoplayer2.C.STREAM_TYPE_USE_DEFAULT}" />
    </annotation>
  </item>
  <item name="com.google.android.exoplayer2.C.VideoOutputMode">
    <annotation name="androidx.annotation.IntDef">
      <val name="value" val="{com.google.android.exoplayer2.C.VIDEO_OUTPUT_MODE_NONE, com.google.android.exoplayer2.C.VIDEO_OUTPUT_MODE_YUV, com.google.android.exoplayer2.C.VIDEO_OUTPUT_MODE_SURFACE_YUV}" />
    </annotation>
  </item>
  <item name="com.google.android.exoplayer2.C.VideoScalingMode">
    <annotation name="androidx.annotation.IntDef">
      <val name="value" val="{com.google.android.exoplayer2.C.VIDEO_SCALING_MODE_SCALE_TO_FIT, com.google.android.exoplayer2.C.VIDEO_SCALING_MODE_SCALE_TO_FIT_WITH_CROPPING}" />
    </annotation>
  </item>
  <item name="com.google.android.exoplayer2.C.WakeMode">
    <annotation name="androidx.annotation.IntDef">
      <val name="value" val="{com.google.android.exoplayer2.C.WAKE_MODE_NONE, com.google.android.exoplayer2.C.WAKE_MODE_LOCAL, com.google.android.exoplayer2.C.WAKE_MODE_NETWORK}" />
    </annotation>
  </item>
  <item name="com.google.android.exoplayer2.Format com.google.android.exoplayer2.Format createAudioContainerFormat(java.lang.String, java.lang.String, java.lang.String, java.lang.String, java.lang.String, com.google.android.exoplayer2.metadata.Metadata, int, int, int, java.util.List&lt;byte[]&gt;, int, int, java.lang.String) 10">
    <annotation name="androidx.annotation.IntDef">
      <val name="flag" val="true" />
      <val name="value" val="{com.google.android.exoplayer2.C.SELECTION_FLAG_DEFAULT, com.google.android.exoplayer2.C.SELECTION_FLAG_FORCED, com.google.android.exoplayer2.C.SELECTION_FLAG_AUTOSELECT}" />
    </annotation>
  </item>
  <item name="com.google.android.exoplayer2.Format com.google.android.exoplayer2.Format createAudioContainerFormat(java.lang.String, java.lang.String, java.lang.String, java.lang.String, java.lang.String, com.google.android.exoplayer2.metadata.Metadata, int, int, int, java.util.List&lt;byte[]&gt;, int, int, java.lang.String) 11">
    <annotation name="androidx.annotation.IntDef">
      <val name="flag" val="true" />
      <val name="value" val="{com.google.android.exoplayer2.C.ROLE_FLAG_MAIN, com.google.android.exoplayer2.C.ROLE_FLAG_ALTERNATE, com.google.android.exoplayer2.C.ROLE_FLAG_SUPPLEMENTARY, com.google.android.exoplayer2.C.ROLE_FLAG_COMMENTARY, com.google.android.exoplayer2.C.ROLE_FLAG_DUB, com.google.android.exoplayer2.C.ROLE_FLAG_EMERGENCY, com.google.android.exoplayer2.C.ROLE_FLAG_CAPTION, com.google.android.exoplayer2.C.ROLE_FLAG_SUBTITLE, com.google.android.exoplayer2.C.ROLE_FLAG_SIGN, com.google.android.exoplayer2.C.ROLE_FLAG_DESCRIBES_VIDEO, com.google.android.exoplayer2.C.ROLE_FLAG_DESCRIBES_MUSIC_AND_SOUND, com.google.android.exoplayer2.C.ROLE_FLAG_ENHANCED_DIALOG_INTELLIGIBILITY, com.google.android.exoplayer2.C.ROLE_FLAG_TRANSCRIBES_DIALOG, com.google.android.exoplayer2.C.ROLE_FLAG_EASY_TO_READ, com.google.android.exoplayer2.C.ROLE_FLAG_TRICK_PLAY}" />
    </annotation>
  </item>
  <item name="com.google.android.exoplayer2.Format com.google.android.exoplayer2.Format createAudioSampleFormat(java.lang.String, java.lang.String, java.lang.String, int, int, int, int, int, int, int, java.util.List&lt;byte[]&gt;, com.google.android.exoplayer2.drm.DrmInitData, int, java.lang.String, com.google.android.exoplayer2.metadata.Metadata) 12">
    <annotation name="androidx.annotation.IntDef">
      <val name="flag" val="true" />
      <val name="value" val="{com.google.android.exoplayer2.C.SELECTION_FLAG_DEFAULT, com.google.android.exoplayer2.C.SELECTION_FLAG_FORCED, com.google.android.exoplayer2.C.SELECTION_FLAG_AUTOSELECT}" />
    </annotation>
  </item>
  <item name="com.google.android.exoplayer2.Format com.google.android.exoplayer2.Format createAudioSampleFormat(java.lang.String, java.lang.String, java.lang.String, int, int, int, int, int, int, int, java.util.List&lt;byte[]&gt;, com.google.android.exoplayer2.drm.DrmInitData, int, java.lang.String, com.google.android.exoplayer2.metadata.Metadata) 7">
    <annotation name="androidx.annotation.IntDef">
      <val name="value" val="{com.google.android.exoplayer2.Format.NO_VALUE, com.google.android.exoplayer2.C.ENCODING_INVALID, com.google.android.exoplayer2.C.ENCODING_PCM_8BIT, com.google.android.exoplayer2.C.ENCODING_PCM_16BIT, com.google.android.exoplayer2.C.ENCODING_PCM_16BIT_BIG_ENDIAN, com.google.android.exoplayer2.C.ENCODING_PCM_24BIT, com.google.android.exoplayer2.C.ENCODING_PCM_32BIT, com.google.android.exoplayer2.C.ENCODING_PCM_FLOAT}" />
    </annotation>
  </item>
  <item name="com.google.android.exoplayer2.Format com.google.android.exoplayer2.Format createAudioSampleFormat(java.lang.String, java.lang.String, java.lang.String, int, int, int, int, int, java.util.List&lt;byte[]&gt;, com.google.android.exoplayer2.drm.DrmInitData, int, java.lang.String) 10">
    <annotation name="androidx.annotation.IntDef">
      <val name="flag" val="true" />
      <val name="value" val="{com.google.android.exoplayer2.C.SELECTION_FLAG_DEFAULT, com.google.android.exoplayer2.C.SELECTION_FLAG_FORCED, com.google.android.exoplayer2.C.SELECTION_FLAG_AUTOSELECT}" />
    </annotation>
  </item>
  <item name="com.google.android.exoplayer2.Format com.google.android.exoplayer2.Format createAudioSampleFormat(java.lang.String, java.lang.String, java.lang.String, int, int, int, int, int, java.util.List&lt;byte[]&gt;, com.google.android.exoplayer2.drm.DrmInitData, int, java.lang.String) 7">
    <annotation name="androidx.annotation.IntDef">
      <val name="value" val="{com.google.android.exoplayer2.Format.NO_VALUE, com.google.android.exoplayer2.C.ENCODING_INVALID, com.google.android.exoplayer2.C.ENCODING_PCM_8BIT, com.google.android.exoplayer2.C.ENCODING_PCM_16BIT, com.google.android.exoplayer2.C.ENCODING_PCM_16BIT_BIG_ENDIAN, com.google.android.exoplayer2.C.ENCODING_PCM_24BIT, com.google.android.exoplayer2.C.ENCODING_PCM_32BIT, com.google.android.exoplayer2.C.ENCODING_PCM_FLOAT}" />
    </annotation>
  </item>
  <item name="com.google.android.exoplayer2.Format com.google.android.exoplayer2.Format createAudioSampleFormat(java.lang.String, java.lang.String, java.lang.String, int, int, int, int, java.util.List&lt;byte[]&gt;, com.google.android.exoplayer2.drm.DrmInitData, int, java.lang.String) 9">
    <annotation name="androidx.annotation.IntDef">
      <val name="flag" val="true" />
      <val name="value" val="{com.google.android.exoplayer2.C.SELECTION_FLAG_DEFAULT, com.google.android.exoplayer2.C.SELECTION_FLAG_FORCED, com.google.android.exoplayer2.C.SELECTION_FLAG_AUTOSELECT}" />
    </annotation>
  </item>
  <item name="com.google.android.exoplayer2.Format com.google.android.exoplayer2.Format createContainerFormat(java.lang.String, java.lang.String, java.lang.String, java.lang.String, java.lang.String, int, int, int, java.lang.String) 6">
    <annotation name="androidx.annotation.IntDef">
      <val name="flag" val="true" />
      <val name="value" val="{com.google.android.exoplayer2.C.SELECTION_FLAG_DEFAULT, com.google.android.exoplayer2.C.SELECTION_FLAG_FORCED, com.google.android.exoplayer2.C.SELECTION_FLAG_AUTOSELECT}" />
    </annotation>
  </item>
  <item name="com.google.android.exoplayer2.Format com.google.android.exoplayer2.Format createContainerFormat(java.lang.String, java.lang.String, java.lang.String, java.lang.String, java.lang.String, int, int, int, java.lang.String) 7">
    <annotation name="androidx.annotation.IntDef">
      <val name="flag" val="true" />
      <val name="value" val="{com.google.android.exoplayer2.C.ROLE_FLAG_MAIN, com.google.android.exoplayer2.C.ROLE_FLAG_ALTERNATE, com.google.android.exoplayer2.C.ROLE_FLAG_SUPPLEMENTARY, com.google.android.exoplayer2.C.ROLE_FLAG_COMMENTARY, com.google.android.exoplayer2.C.ROLE_FLAG_DUB, com.google.android.exoplayer2.C.ROLE_FLAG_EMERGENCY, com.google.android.exoplayer2.C.ROLE_FLAG_CAPTION, com.google.android.exoplayer2.C.ROLE_FLAG_SUBTITLE, com.google.android.exoplayer2.C.ROLE_FLAG_SIGN, com.google.android.exoplayer2.C.ROLE_FLAG_DESCRIBES_VIDEO, com.google.android.exoplayer2.C.ROLE_FLAG_DESCRIBES_MUSIC_AND_SOUND, com.google.android.exoplayer2.C.ROLE_FLAG_ENHANCED_DIALOG_INTELLIGIBILITY, com.google.android.exoplayer2.C.ROLE_FLAG_TRANSCRIBES_DIALOG, com.google.android.exoplayer2.C.ROLE_FLAG_EASY_TO_READ, com.google.android.exoplayer2.C.ROLE_FLAG_TRICK_PLAY}" />
    </annotation>
  </item>
  <item name="com.google.android.exoplayer2.Format com.google.android.exoplayer2.Format createImageSampleFormat(java.lang.String, java.lang.String, int, java.util.List&lt;byte[]&gt;, java.lang.String) 2">
    <annotation name="androidx.annotation.IntDef">
      <val name="flag" val="true" />
      <val name="value" val="{com.google.android.exoplayer2.C.SELECTION_FLAG_DEFAULT, com.google.android.exoplayer2.C.SELECTION_FLAG_FORCED, com.google.android.exoplayer2.C.SELECTION_FLAG_AUTOSELECT}" />
    </annotation>
  </item>
  <item name="com.google.android.exoplayer2.Format com.google.android.exoplayer2.Format createTextContainerFormat(java.lang.String, java.lang.String, java.lang.String, java.lang.String, java.lang.String, int, int, int, java.lang.String) 6">
    <annotation name="androidx.annotation.IntDef">
      <val name="flag" val="true" />
      <val name="value" val="{com.google.android.exoplayer2.C.SELECTION_FLAG_DEFAULT, com.google.android.exoplayer2.C.SELECTION_FLAG_FORCED, com.google.android.exoplayer2.C.SELECTION_FLAG_AUTOSELECT}" />
    </annotation>
  </item>
  <item name="com.google.android.exoplayer2.Format com.google.android.exoplayer2.Format createTextContainerFormat(java.lang.String, java.lang.String, java.lang.String, java.lang.String, java.lang.String, int, int, int, java.lang.String) 7">
    <annotation name="androidx.annotation.IntDef">
      <val name="flag" val="true" />
      <val name="value" val="{com.google.android.exoplayer2.C.ROLE_FLAG_MAIN, com.google.android.exoplayer2.C.ROLE_FLAG_ALTERNATE, com.google.android.exoplayer2.C.ROLE_FLAG_SUPPLEMENTARY, com.google.android.exoplayer2.C.ROLE_FLAG_COMMENTARY, com.google.android.exoplayer2.C.ROLE_FLAG_DUB, com.google.android.exoplayer2.C.ROLE_FLAG_EMERGENCY, com.google.android.exoplayer2.C.ROLE_FLAG_CAPTION, com.google.android.exoplayer2.C.ROLE_FLAG_SUBTITLE, com.google.android.exoplayer2.C.ROLE_FLAG_SIGN, com.google.android.exoplayer2.C.ROLE_FLAG_DESCRIBES_VIDEO, com.google.android.exoplayer2.C.ROLE_FLAG_DESCRIBES_MUSIC_AND_SOUND, com.google.android.exoplayer2.C.ROLE_FLAG_ENHANCED_DIALOG_INTELLIGIBILITY, com.google.android.exoplayer2.C.ROLE_FLAG_TRANSCRIBES_DIALOG, com.google.android.exoplayer2.C.ROLE_FLAG_EASY_TO_READ, com.google.android.exoplayer2.C.ROLE_FLAG_TRICK_PLAY}" />
    </annotation>
  </item>
  <item name="com.google.android.exoplayer2.Format com.google.android.exoplayer2.Format createTextContainerFormat(java.lang.String, java.lang.String, java.lang.String, java.lang.String, java.lang.String, int, int, int, java.lang.String, int) 6">
    <annotation name="androidx.annotation.IntDef">
      <val name="flag" val="true" />
      <val name="value" val="{com.google.android.exoplayer2.C.SELECTION_FLAG_DEFAULT, com.google.android.exoplayer2.C.SELECTION_FLAG_FORCED, com.google.android.exoplayer2.C.SELECTION_FLAG_AUTOSELECT}" />
    </annotation>
  </item>
  <item name="com.google.android.exoplayer2.Format com.google.android.exoplayer2.Format createTextContainerFormat(java.lang.String, java.lang.String, java.lang.String, java.lang.String, java.lang.String, int, int, int, java.lang.String, int) 7">
    <annotation name="androidx.annotation.IntDef">
      <val name="flag" val="true" />
      <val name="value" val="{com.google.android.exoplayer2.C.ROLE_FLAG_MAIN, com.google.android.exoplayer2.C.ROLE_FLAG_ALTERNATE, com.google.android.exoplayer2.C.ROLE_FLAG_SUPPLEMENTARY, com.google.android.exoplayer2.C.ROLE_FLAG_COMMENTARY, com.google.android.exoplayer2.C.ROLE_FLAG_DUB, com.google.android.exoplayer2.C.ROLE_FLAG_EMERGENCY, com.google.android.exoplayer2.C.ROLE_FLAG_CAPTION, com.google.android.exoplayer2.C.ROLE_FLAG_SUBTITLE, com.google.android.exoplayer2.C.ROLE_FLAG_SIGN, com.google.android.exoplayer2.C.ROLE_FLAG_DESCRIBES_VIDEO, com.google.android.exoplayer2.C.ROLE_FLAG_DESCRIBES_MUSIC_AND_SOUND, com.google.android.exoplayer2.C.ROLE_FLAG_ENHANCED_DIALOG_INTELLIGIBILITY, com.google.android.exoplayer2.C.ROLE_FLAG_TRANSCRIBES_DIALOG, com.google.android.exoplayer2.C.ROLE_FLAG_EASY_TO_READ, com.google.android.exoplayer2.C.ROLE_FLAG_TRICK_PLAY}" />
    </annotation>
  </item>
  <item name="com.google.android.exoplayer2.Format com.google.android.exoplayer2.Format createTextSampleFormat(java.lang.String, java.lang.String, int, java.lang.String) 2">
    <annotation name="androidx.annotation.IntDef">
      <val name="flag" val="true" />
      <val name="value" val="{com.google.android.exoplayer2.C.SELECTION_FLAG_DEFAULT, com.google.android.exoplayer2.C.SELECTION_FLAG_FORCED, com.google.android.exoplayer2.C.SELECTION_FLAG_AUTOSELECT}" />
    </annotation>
  </item>
  <item name="com.google.android.exoplayer2.Format com.google.android.exoplayer2.Format createTextSampleFormat(java.lang.String, java.lang.String, int, java.lang.String, int, long, java.util.List&lt;byte[]&gt;) 2">
    <annotation name="androidx.annotation.IntDef">
      <val name="flag" val="true" />
      <val name="value" val="{com.google.android.exoplayer2.C.SELECTION_FLAG_DEFAULT, com.google.android.exoplayer2.C.SELECTION_FLAG_FORCED, com.google.android.exoplayer2.C.SELECTION_FLAG_AUTOSELECT}" />
    </annotation>
  </item>
  <item name="com.google.android.exoplayer2.Format com.google.android.exoplayer2.Format createVideoContainerFormat(java.lang.String, java.lang.String, java.lang.String, java.lang.String, java.lang.String, com.google.android.exoplayer2.metadata.Metadata, int, int, int, float, java.util.List&lt;byte[]&gt;, int, int) 11">
    <annotation name="androidx.annotation.IntDef">
      <val name="flag" val="true" />
      <val name="value" val="{com.google.android.exoplayer2.C.SELECTION_FLAG_DEFAULT, com.google.android.exoplayer2.C.SELECTION_FLAG_FORCED, com.google.android.exoplayer2.C.SELECTION_FLAG_AUTOSELECT}" />
    </annotation>
  </item>
  <item name="com.google.android.exoplayer2.Format com.google.android.exoplayer2.Format createVideoContainerFormat(java.lang.String, java.lang.String, java.lang.String, java.lang.String, java.lang.String, com.google.android.exoplayer2.metadata.Metadata, int, int, int, float, java.util.List&lt;byte[]&gt;, int, int) 12">
    <annotation name="androidx.annotation.IntDef">
      <val name="flag" val="true" />
      <val name="value" val="{com.google.android.exoplayer2.C.ROLE_FLAG_MAIN, com.google.android.exoplayer2.C.ROLE_FLAG_ALTERNATE, com.google.android.exoplayer2.C.ROLE_FLAG_SUPPLEMENTARY, com.google.android.exoplayer2.C.ROLE_FLAG_COMMENTARY, com.google.android.exoplayer2.C.ROLE_FLAG_DUB, com.google.android.exoplayer2.C.ROLE_FLAG_EMERGENCY, com.google.android.exoplayer2.C.ROLE_FLAG_CAPTION, com.google.android.exoplayer2.C.ROLE_FLAG_SUBTITLE, com.google.android.exoplayer2.C.ROLE_FLAG_SIGN, com.google.android.exoplayer2.C.ROLE_FLAG_DESCRIBES_VIDEO, com.google.android.exoplayer2.C.ROLE_FLAG_DESCRIBES_MUSIC_AND_SOUND, com.google.android.exoplayer2.C.ROLE_FLAG_ENHANCED_DIALOG_INTELLIGIBILITY, com.google.android.exoplayer2.C.ROLE_FLAG_TRANSCRIBES_DIALOG, com.google.android.exoplayer2.C.ROLE_FLAG_EASY_TO_READ, com.google.android.exoplayer2.C.ROLE_FLAG_TRICK_PLAY}" />
    </annotation>
  </item>
  <item name="com.google.android.exoplayer2.Format com.google.android.exoplayer2.Format createVideoSampleFormat(java.lang.String, java.lang.String, java.lang.String, int, int, int, int, float, java.util.List&lt;byte[]&gt;, int, float, byte[], int, com.google.android.exoplayer2.video.ColorInfo, com.google.android.exoplayer2.drm.DrmInitData) 12">
    <annotation name="androidx.annotation.IntDef">
      <val name="value" val="{com.google.android.exoplayer2.Format.NO_VALUE, com.google.android.exoplayer2.C.STEREO_MODE_MONO, com.google.android.exoplayer2.C.STEREO_MODE_TOP_BOTTOM, com.google.android.exoplayer2.C.STEREO_MODE_LEFT_RIGHT, com.google.android.exoplayer2.C.STEREO_MODE_STEREO_MESH}" />
    </annotation>
  </item>
  <item name="com.google.android.exoplayer2.Format pcmEncoding">
    <annotation name="androidx.annotation.IntDef">
      <val name="value" val="{com.google.android.exoplayer2.Format.NO_VALUE, com.google.android.exoplayer2.C.ENCODING_INVALID, com.google.android.exoplayer2.C.ENCODING_PCM_8BIT, com.google.android.exoplayer2.C.ENCODING_PCM_16BIT, com.google.android.exoplayer2.C.ENCODING_PCM_16BIT_BIG_ENDIAN, com.google.android.exoplayer2.C.ENCODING_PCM_24BIT, com.google.android.exoplayer2.C.ENCODING_PCM_32BIT, com.google.android.exoplayer2.C.ENCODING_PCM_FLOAT}" />
    </annotation>
  </item>
  <item name="com.google.android.exoplayer2.Format roleFlags">
    <annotation name="androidx.annotation.IntDef">
      <val name="flag" val="true" />
      <val name="value" val="{com.google.android.exoplayer2.C.ROLE_FLAG_MAIN, com.google.android.exoplayer2.C.ROLE_FLAG_ALTERNATE, com.google.android.exoplayer2.C.ROLE_FLAG_SUPPLEMENTARY, com.google.android.exoplayer2.C.ROLE_FLAG_COMMENTARY, com.google.android.exoplayer2.C.ROLE_FLAG_DUB, com.google.android.exoplayer2.C.ROLE_FLAG_EMERGENCY, com.google.android.exoplayer2.C.ROLE_FLAG_CAPTION, com.google.android.exoplayer2.C.ROLE_FLAG_SUBTITLE, com.google.android.exoplayer2.C.ROLE_FLAG_SIGN, com.google.android.exoplayer2.C.ROLE_FLAG_DESCRIBES_VIDEO, com.google.android.exoplayer2.C.ROLE_FLAG_DESCRIBES_MUSIC_AND_SOUND, com.google.android.exoplayer2.C.ROLE_FLAG_ENHANCED_DIALOG_INTELLIGIBILITY, com.google.android.exoplayer2.C.ROLE_FLAG_TRANSCRIBES_DIALOG, com.google.android.exoplayer2.C.ROLE_FLAG_EASY_TO_READ, com.google.android.exoplayer2.C.ROLE_FLAG_TRICK_PLAY}" />
    </annotation>
  </item>
  <item name="com.google.android.exoplayer2.Format selectionFlags">
    <annotation name="androidx.annotation.IntDef">
      <val name="flag" val="true" />
      <val name="value" val="{com.google.android.exoplayer2.C.SELECTION_FLAG_DEFAULT, com.google.android.exoplayer2.C.SELECTION_FLAG_FORCED, com.google.android.exoplayer2.C.SELECTION_FLAG_AUTOSELECT}" />
    </annotation>
  </item>
  <item name="com.google.android.exoplayer2.Format stereoMode">
    <annotation name="androidx.annotation.IntDef">
      <val name="value" val="{com.google.android.exoplayer2.Format.NO_VALUE, com.google.android.exoplayer2.C.STEREO_MODE_MONO, com.google.android.exoplayer2.C.STEREO_MODE_TOP_BOTTOM, com.google.android.exoplayer2.C.STEREO_MODE_LEFT_RIGHT, com.google.android.exoplayer2.C.STEREO_MODE_STEREO_MESH}" />
    </annotation>
  </item>
  <item name="com.google.android.exoplayer2.Format.Builder com.google.android.exoplayer2.Format.Builder setPcmEncoding(int) 0">
    <annotation name="androidx.annotation.IntDef">
      <val name="value" val="{com.google.android.exoplayer2.Format.NO_VALUE, com.google.android.exoplayer2.C.ENCODING_INVALID, com.google.android.exoplayer2.C.ENCODING_PCM_8BIT, com.google.android.exoplayer2.C.ENCODING_PCM_16BIT, com.google.android.exoplayer2.C.ENCODING_PCM_16BIT_BIG_ENDIAN, com.google.android.exoplayer2.C.ENCODING_PCM_24BIT, com.google.android.exoplayer2.C.ENCODING_PCM_32BIT, com.google.android.exoplayer2.C.ENCODING_PCM_FLOAT}" />
    </annotation>
  </item>
  <item name="com.google.android.exoplayer2.Format.Builder com.google.android.exoplayer2.Format.Builder setRoleFlags(int) 0">
    <annotation name="androidx.annotation.IntDef">
      <val name="flag" val="true" />
      <val name="value" val="{com.google.android.exoplayer2.C.ROLE_FLAG_MAIN, com.google.android.exoplayer2.C.ROLE_FLAG_ALTERNATE, com.google.android.exoplayer2.C.ROLE_FLAG_SUPPLEMENTARY, com.google.android.exoplayer2.C.ROLE_FLAG_COMMENTARY, com.google.android.exoplayer2.C.ROLE_FLAG_DUB, com.google.android.exoplayer2.C.ROLE_FLAG_EMERGENCY, com.google.android.exoplayer2.C.ROLE_FLAG_CAPTION, com.google.android.exoplayer2.C.ROLE_FLAG_SUBTITLE, com.google.android.exoplayer2.C.ROLE_FLAG_SIGN, com.google.android.exoplayer2.C.ROLE_FLAG_DESCRIBES_VIDEO, com.google.android.exoplayer2.C.ROLE_FLAG_DESCRIBES_MUSIC_AND_SOUND, com.google.android.exoplayer2.C.ROLE_FLAG_ENHANCED_DIALOG_INTELLIGIBILITY, com.google.android.exoplayer2.C.ROLE_FLAG_TRANSCRIBES_DIALOG, com.google.android.exoplayer2.C.ROLE_FLAG_EASY_TO_READ, com.google.android.exoplayer2.C.ROLE_FLAG_TRICK_PLAY}" />
    </annotation>
  </item>
  <item name="com.google.android.exoplayer2.Format.Builder com.google.android.exoplayer2.Format.Builder setSelectionFlags(int) 0">
    <annotation name="androidx.annotation.IntDef">
      <val name="flag" val="true" />
      <val name="value" val="{com.google.android.exoplayer2.C.SELECTION_FLAG_DEFAULT, com.google.android.exoplayer2.C.SELECTION_FLAG_FORCED, com.google.android.exoplayer2.C.SELECTION_FLAG_AUTOSELECT}" />
    </annotation>
  </item>
  <item name="com.google.android.exoplayer2.Format.Builder com.google.android.exoplayer2.Format.Builder setStereoMode(int) 0">
    <annotation name="androidx.annotation.IntDef">
      <val name="value" val="{com.google.android.exoplayer2.Format.NO_VALUE, com.google.android.exoplayer2.C.STEREO_MODE_MONO, com.google.android.exoplayer2.C.STEREO_MODE_TOP_BOTTOM, com.google.android.exoplayer2.C.STEREO_MODE_LEFT_RIGHT, com.google.android.exoplayer2.C.STEREO_MODE_STEREO_MESH}" />
    </annotation>
  </item>
  <item name="com.google.android.exoplayer2.Format.Builder pcmEncoding">
    <annotation name="androidx.annotation.IntDef">
      <val name="value" val="{com.google.android.exoplayer2.Format.NO_VALUE, com.google.android.exoplayer2.C.ENCODING_INVALID, com.google.android.exoplayer2.C.ENCODING_PCM_8BIT, com.google.android.exoplayer2.C.ENCODING_PCM_16BIT, com.google.android.exoplayer2.C.ENCODING_PCM_16BIT_BIG_ENDIAN, com.google.android.exoplayer2.C.ENCODING_PCM_24BIT, com.google.android.exoplayer2.C.ENCODING_PCM_32BIT, com.google.android.exoplayer2.C.ENCODING_PCM_FLOAT}" />
    </annotation>
  </item>
  <item name="com.google.android.exoplayer2.Format.Builder roleFlags">
    <annotation name="androidx.annotation.IntDef">
      <val name="flag" val="true" />
      <val name="value" val="{com.google.android.exoplayer2.C.ROLE_FLAG_MAIN, com.google.android.exoplayer2.C.ROLE_FLAG_ALTERNATE, com.google.android.exoplayer2.C.ROLE_FLAG_SUPPLEMENTARY, com.google.android.exoplayer2.C.ROLE_FLAG_COMMENTARY, com.google.android.exoplayer2.C.ROLE_FLAG_DUB, com.google.android.exoplayer2.C.ROLE_FLAG_EMERGENCY, com.google.android.exoplayer2.C.ROLE_FLAG_CAPTION, com.google.android.exoplayer2.C.ROLE_FLAG_SUBTITLE, com.google.android.exoplayer2.C.ROLE_FLAG_SIGN, com.google.android.exoplayer2.C.ROLE_FLAG_DESCRIBES_VIDEO, com.google.android.exoplayer2.C.ROLE_FLAG_DESCRIBES_MUSIC_AND_SOUND, com.google.android.exoplayer2.C.ROLE_FLAG_ENHANCED_DIALOG_INTELLIGIBILITY, com.google.android.exoplayer2.C.ROLE_FLAG_TRANSCRIBES_DIALOG, com.google.android.exoplayer2.C.ROLE_FLAG_EASY_TO_READ, com.google.android.exoplayer2.C.ROLE_FLAG_TRICK_PLAY}" />
    </annotation>
  </item>
  <item name="com.google.android.exoplayer2.Format.Builder selectionFlags">
    <annotation name="androidx.annotation.IntDef">
      <val name="flag" val="true" />
      <val name="value" val="{com.google.android.exoplayer2.C.SELECTION_FLAG_DEFAULT, com.google.android.exoplayer2.C.SELECTION_FLAG_FORCED, com.google.android.exoplayer2.C.SELECTION_FLAG_AUTOSELECT}" />
    </annotation>
  </item>
  <item name="com.google.android.exoplayer2.Format.Builder stereoMode">
    <annotation name="androidx.annotation.IntDef">
      <val name="value" val="{com.google.android.exoplayer2.Format.NO_VALUE, com.google.android.exoplayer2.C.STEREO_MODE_MONO, com.google.android.exoplayer2.C.STEREO_MODE_TOP_BOTTOM, com.google.android.exoplayer2.C.STEREO_MODE_LEFT_RIGHT, com.google.android.exoplayer2.C.STEREO_MODE_STEREO_MESH}" />
    </annotation>
  </item>
  <item name="com.google.android.exoplayer2.MediaItem.Subtitle Subtitle(android.net.Uri, java.lang.String, java.lang.String, int) 3">
    <annotation name="androidx.annotation.IntDef">
      <val name="flag" val="true" />
      <val name="value" val="{com.google.android.exoplayer2.C.SELECTION_FLAG_DEFAULT, com.google.android.exoplayer2.C.SELECTION_FLAG_FORCED, com.google.android.exoplayer2.C.SELECTION_FLAG_AUTOSELECT}" />
    </annotation>
  </item>
  <item name="com.google.android.exoplayer2.MediaItem.Subtitle Subtitle(android.net.Uri, java.lang.String, java.lang.String, int, int, java.lang.String) 3">
    <annotation name="androidx.annotation.IntDef">
      <val name="flag" val="true" />
      <val name="value" val="{com.google.android.exoplayer2.C.SELECTION_FLAG_DEFAULT, com.google.android.exoplayer2.C.SELECTION_FLAG_FORCED, com.google.android.exoplayer2.C.SELECTION_FLAG_AUTOSELECT}" />
    </annotation>
  </item>
  <item name="com.google.android.exoplayer2.MediaItem.Subtitle Subtitle(android.net.Uri, java.lang.String, java.lang.String, int, int, java.lang.String) 4">
    <annotation name="androidx.annotation.IntDef">
      <val name="flag" val="true" />
      <val name="value" val="{com.google.android.exoplayer2.C.ROLE_FLAG_MAIN, com.google.android.exoplayer2.C.ROLE_FLAG_ALTERNATE, com.google.android.exoplayer2.C.ROLE_FLAG_SUPPLEMENTARY, com.google.android.exoplayer2.C.ROLE_FLAG_COMMENTARY, com.google.android.exoplayer2.C.ROLE_FLAG_DUB, com.google.android.exoplayer2.C.ROLE_FLAG_EMERGENCY, com.google.android.exoplayer2.C.ROLE_FLAG_CAPTION, com.google.android.exoplayer2.C.ROLE_FLAG_SUBTITLE, com.google.android.exoplayer2.C.ROLE_FLAG_SIGN, com.google.android.exoplayer2.C.ROLE_FLAG_DESCRIBES_VIDEO, com.google.android.exoplayer2.C.ROLE_FLAG_DESCRIBES_MUSIC_AND_SOUND, com.google.android.exoplayer2.C.ROLE_FLAG_ENHANCED_DIALOG_INTELLIGIBILITY, com.google.android.exoplayer2.C.ROLE_FLAG_TRANSCRIBES_DIALOG, com.google.android.exoplayer2.C.ROLE_FLAG_EASY_TO_READ, com.google.android.exoplayer2.C.ROLE_FLAG_TRICK_PLAY}" />
    </annotation>
  </item>
  <item name="com.google.android.exoplayer2.MediaItem.Subtitle roleFlags">
    <annotation name="androidx.annotation.IntDef">
      <val name="flag" val="true" />
      <val name="value" val="{com.google.android.exoplayer2.C.ROLE_FLAG_MAIN, com.google.android.exoplayer2.C.ROLE_FLAG_ALTERNATE, com.google.android.exoplayer2.C.ROLE_FLAG_SUPPLEMENTARY, com.google.android.exoplayer2.C.ROLE_FLAG_COMMENTARY, com.google.android.exoplayer2.C.ROLE_FLAG_DUB, com.google.android.exoplayer2.C.ROLE_FLAG_EMERGENCY, com.google.android.exoplayer2.C.ROLE_FLAG_CAPTION, com.google.android.exoplayer2.C.ROLE_FLAG_SUBTITLE, com.google.android.exoplayer2.C.ROLE_FLAG_SIGN, com.google.android.exoplayer2.C.ROLE_FLAG_DESCRIBES_VIDEO, com.google.android.exoplayer2.C.ROLE_FLAG_DESCRIBES_MUSIC_AND_SOUND, com.google.android.exoplayer2.C.ROLE_FLAG_ENHANCED_DIALOG_INTELLIGIBILITY, com.google.android.exoplayer2.C.ROLE_FLAG_TRANSCRIBES_DIALOG, com.google.android.exoplayer2.C.ROLE_FLAG_EASY_TO_READ, com.google.android.exoplayer2.C.ROLE_FLAG_TRICK_PLAY}" />
    </annotation>
  </item>
  <item name="com.google.android.exoplayer2.MediaItem.Subtitle selectionFlags">
    <annotation name="androidx.annotation.IntDef">
      <val name="flag" val="true" />
      <val name="value" val="{com.google.android.exoplayer2.C.SELECTION_FLAG_DEFAULT, com.google.android.exoplayer2.C.SELECTION_FLAG_FORCED, com.google.android.exoplayer2.C.SELECTION_FLAG_AUTOSELECT}" />
    </annotation>
  </item>
</root>

