<?xml version="1.0" encoding="UTF-8"?>
<root>
  <item name="com.google.android.exoplayer2.source.ads.AdPlaybackState.AdGroup AdGroup(int, int[], android.net.Uri[], long[]) 1">
    <annotation name="androidx.annotation.IntDef">
      <val name="value" val="{com.google.android.exoplayer2.source.ads.AdPlaybackState.AD_STATE_UNAVAILABLE, com.google.android.exoplayer2.source.ads.AdPlaybackState.AD_STATE_AVAILABLE, com.google.android.exoplayer2.source.ads.AdPlaybackState.AD_STATE_SKIPPED, com.google.android.exoplayer2.source.ads.AdPlaybackState.AD_STATE_PLAYED, com.google.android.exoplayer2.source.ads.AdPlaybackState.AD_STATE_ERROR}" />
    </annotation>
  </item>
  <item name="com.google.android.exoplayer2.source.ads.AdPlaybackState.AdGroup com.google.android.exoplayer2.source.ads.AdPlaybackState.AdGroup withAdState(int, int) 0">
    <annotation name="androidx.annotation.IntDef">
      <val name="value" val="{com.google.android.exoplayer2.source.ads.AdPlaybackState.AD_STATE_UNAVAILABLE, com.google.android.exoplayer2.source.ads.AdPlaybackState.AD_STATE_AVAILABLE, com.google.android.exoplayer2.source.ads.AdPlaybackState.AD_STATE_SKIPPED, com.google.android.exoplayer2.source.ads.AdPlaybackState.AD_STATE_PLAYED, com.google.android.exoplayer2.source.ads.AdPlaybackState.AD_STATE_ERROR}" />
    </annotation>
  </item>
  <item name="com.google.android.exoplayer2.source.ads.AdPlaybackState.AdGroup int[] copyStatesWithSpaceForAdCount(int[], int)">
    <annotation name="androidx.annotation.IntDef">
      <val name="value" val="{com.google.android.exoplayer2.source.ads.AdPlaybackState.AD_STATE_UNAVAILABLE, com.google.android.exoplayer2.source.ads.AdPlaybackState.AD_STATE_AVAILABLE, com.google.android.exoplayer2.source.ads.AdPlaybackState.AD_STATE_SKIPPED, com.google.android.exoplayer2.source.ads.AdPlaybackState.AD_STATE_PLAYED, com.google.android.exoplayer2.source.ads.AdPlaybackState.AD_STATE_ERROR}" />
    </annotation>
  </item>
  <item name="com.google.android.exoplayer2.source.ads.AdPlaybackState.AdGroup int[] copyStatesWithSpaceForAdCount(int[], int) 0">
    <annotation name="androidx.annotation.IntDef">
      <val name="value" val="{com.google.android.exoplayer2.source.ads.AdPlaybackState.AD_STATE_UNAVAILABLE, com.google.android.exoplayer2.source.ads.AdPlaybackState.AD_STATE_AVAILABLE, com.google.android.exoplayer2.source.ads.AdPlaybackState.AD_STATE_SKIPPED, com.google.android.exoplayer2.source.ads.AdPlaybackState.AD_STATE_PLAYED, com.google.android.exoplayer2.source.ads.AdPlaybackState.AD_STATE_ERROR}" />
    </annotation>
  </item>
  <item name="com.google.android.exoplayer2.source.ads.AdPlaybackState.AdGroup states">
    <annotation name="androidx.annotation.IntDef">
      <val name="value" val="{com.google.android.exoplayer2.source.ads.AdPlaybackState.AD_STATE_UNAVAILABLE, com.google.android.exoplayer2.source.ads.AdPlaybackState.AD_STATE_AVAILABLE, com.google.android.exoplayer2.source.ads.AdPlaybackState.AD_STATE_SKIPPED, com.google.android.exoplayer2.source.ads.AdPlaybackState.AD_STATE_PLAYED, com.google.android.exoplayer2.source.ads.AdPlaybackState.AD_STATE_ERROR}" />
    </annotation>
  </item>
  <item name="com.google.android.exoplayer2.source.ads.AdPlaybackState.AdState">
    <annotation name="androidx.annotation.IntDef">
      <val name="value" val="{com.google.android.exoplayer2.source.ads.AdPlaybackState.AD_STATE_UNAVAILABLE, com.google.android.exoplayer2.source.ads.AdPlaybackState.AD_STATE_AVAILABLE, com.google.android.exoplayer2.source.ads.AdPlaybackState.AD_STATE_SKIPPED, com.google.android.exoplayer2.source.ads.AdPlaybackState.AD_STATE_PLAYED, com.google.android.exoplayer2.source.ads.AdPlaybackState.AD_STATE_ERROR}" />
    </annotation>
  </item>
  <item name="com.google.android.exoplayer2.source.ads.AdsLoader.OverlayInfo OverlayInfo(android.view.View, int) 1">
    <annotation name="androidx.annotation.IntDef">
      <val name="value" val="{com.google.android.exoplayer2.source.ads.AdsLoader.OverlayInfo.PURPOSE_CONTROLS, com.google.android.exoplayer2.source.ads.AdsLoader.OverlayInfo.PURPOSE_CLOSE_AD, com.google.android.exoplayer2.source.ads.AdsLoader.OverlayInfo.PURPOSE_OTHER, com.google.android.exoplayer2.source.ads.AdsLoader.OverlayInfo.PURPOSE_NOT_VISIBLE}" />
    </annotation>
  </item>
  <item name="com.google.android.exoplayer2.source.ads.AdsLoader.OverlayInfo OverlayInfo(android.view.View, int, java.lang.String) 1">
    <annotation name="androidx.annotation.IntDef">
      <val name="value" val="{com.google.android.exoplayer2.source.ads.AdsLoader.OverlayInfo.PURPOSE_CONTROLS, com.google.android.exoplayer2.source.ads.AdsLoader.OverlayInfo.PURPOSE_CLOSE_AD, com.google.android.exoplayer2.source.ads.AdsLoader.OverlayInfo.PURPOSE_OTHER, com.google.android.exoplayer2.source.ads.AdsLoader.OverlayInfo.PURPOSE_NOT_VISIBLE}" />
    </annotation>
  </item>
  <item name="com.google.android.exoplayer2.source.ads.AdsLoader.OverlayInfo purpose">
    <annotation name="androidx.annotation.IntDef">
      <val name="value" val="{com.google.android.exoplayer2.source.ads.AdsLoader.OverlayInfo.PURPOSE_CONTROLS, com.google.android.exoplayer2.source.ads.AdsLoader.OverlayInfo.PURPOSE_CLOSE_AD, com.google.android.exoplayer2.source.ads.AdsLoader.OverlayInfo.PURPOSE_OTHER, com.google.android.exoplayer2.source.ads.AdsLoader.OverlayInfo.PURPOSE_NOT_VISIBLE}" />
    </annotation>
  </item>
  <item name="com.google.android.exoplayer2.source.ads.AdsLoader.OverlayInfo.Purpose">
    <annotation name="androidx.annotation.IntDef">
      <val name="value" val="{com.google.android.exoplayer2.source.ads.AdsLoader.OverlayInfo.PURPOSE_CONTROLS, com.google.android.exoplayer2.source.ads.AdsLoader.OverlayInfo.PURPOSE_CLOSE_AD, com.google.android.exoplayer2.source.ads.AdsLoader.OverlayInfo.PURPOSE_OTHER, com.google.android.exoplayer2.source.ads.AdsLoader.OverlayInfo.PURPOSE_NOT_VISIBLE}" />
    </annotation>
  </item>
  <item name="com.google.android.exoplayer2.source.ads.AdsMediaSource.AdLoadException AdLoadException(int, java.lang.Exception) 0">
    <annotation name="androidx.annotation.IntDef">
      <val name="value" val="{com.google.android.exoplayer2.source.ads.AdsMediaSource.AdLoadException.TYPE_AD, com.google.android.exoplayer2.source.ads.AdsMediaSource.AdLoadException.TYPE_AD_GROUP, com.google.android.exoplayer2.source.ads.AdsMediaSource.AdLoadException.TYPE_ALL_ADS, com.google.android.exoplayer2.source.ads.AdsMediaSource.AdLoadException.TYPE_UNEXPECTED}" />
    </annotation>
  </item>
  <item name="com.google.android.exoplayer2.source.ads.AdsMediaSource.AdLoadException type">
    <annotation name="androidx.annotation.IntDef">
      <val name="value" val="{com.google.android.exoplayer2.source.ads.AdsMediaSource.AdLoadException.TYPE_AD, com.google.android.exoplayer2.source.ads.AdsMediaSource.AdLoadException.TYPE_AD_GROUP, com.google.android.exoplayer2.source.ads.AdsMediaSource.AdLoadException.TYPE_ALL_ADS, com.google.android.exoplayer2.source.ads.AdsMediaSource.AdLoadException.TYPE_UNEXPECTED}" />
    </annotation>
  </item>
  <item name="com.google.android.exoplayer2.source.ads.AdsMediaSource.AdLoadException.Type">
    <annotation name="androidx.annotation.IntDef">
      <val name="value" val="{com.google.android.exoplayer2.source.ads.AdsMediaSource.AdLoadException.TYPE_AD, com.google.android.exoplayer2.source.ads.AdsMediaSource.AdLoadException.TYPE_AD_GROUP, com.google.android.exoplayer2.source.ads.AdsMediaSource.AdLoadException.TYPE_ALL_ADS, com.google.android.exoplayer2.source.ads.AdsMediaSource.AdLoadException.TYPE_UNEXPECTED}" />
    </annotation>
  </item>
</root>

