<?xml version="1.0" encoding="UTF-8"?>
<root>
  <item name="com.google.android.exoplayer2.audio.AudioSink int getFormatSupport(com.google.android.exoplayer2.Format)">
    <annotation name="androidx.annotation.IntDef">
      <val name="value" val="{com.google.android.exoplayer2.audio.AudioSink.SINK_FORMAT_SUPPORTED_DIRECTLY, com.google.android.exoplayer2.audio.AudioSink.SINK_FORMAT_SUPPORTED_WITH_TRANSCODING, com.google.android.exoplayer2.audio.AudioSink.SINK_FORMAT_UNSUPPORTED}" />
    </annotation>
  </item>
  <item name="com.google.android.exoplayer2.audio.AudioSink.SinkFormatSupport">
    <annotation name="androidx.annotation.IntDef">
      <val name="value" val="{com.google.android.exoplayer2.audio.AudioSink.SINK_FORMAT_SUPPORTED_DIRECTLY, com.google.android.exoplayer2.audio.AudioSink.SINK_FORMAT_SUPPORTED_WITH_TRANSCODING, com.google.android.exoplayer2.audio.AudioSink.SINK_FORMAT_UNSUPPORTED}" />
    </annotation>
  </item>
  <item name="com.google.android.exoplayer2.audio.AudioTimestampPoller state">
    <annotation name="androidx.annotation.IntDef">
      <val name="value" val="{com.google.android.exoplayer2.audio.AudioTimestampPoller.STATE_INITIALIZING, com.google.android.exoplayer2.audio.AudioTimestampPoller.STATE_TIMESTAMP, com.google.android.exoplayer2.audio.AudioTimestampPoller.STATE_TIMESTAMP_ADVANCING, com.google.android.exoplayer2.audio.AudioTimestampPoller.STATE_NO_TIMESTAMP, com.google.android.exoplayer2.audio.AudioTimestampPoller.STATE_ERROR}" />
    </annotation>
  </item>
  <item name="com.google.android.exoplayer2.audio.AudioTimestampPoller void updateState(int) 0">
    <annotation name="androidx.annotation.IntDef">
      <val name="value" val="{com.google.android.exoplayer2.audio.AudioTimestampPoller.STATE_INITIALIZING, com.google.android.exoplayer2.audio.AudioTimestampPoller.STATE_TIMESTAMP, com.google.android.exoplayer2.audio.AudioTimestampPoller.STATE_TIMESTAMP_ADVANCING, com.google.android.exoplayer2.audio.AudioTimestampPoller.STATE_NO_TIMESTAMP, com.google.android.exoplayer2.audio.AudioTimestampPoller.STATE_ERROR}" />
    </annotation>
  </item>
  <item name="com.google.android.exoplayer2.audio.DecoderAudioRenderer decoderReinitializationState">
    <annotation name="androidx.annotation.IntDef">
      <val name="value" val="{com.google.android.exoplayer2.audio.DecoderAudioRenderer.REINITIALIZATION_STATE_NONE, com.google.android.exoplayer2.audio.DecoderAudioRenderer.REINITIALIZATION_STATE_SIGNAL_END_OF_STREAM, com.google.android.exoplayer2.audio.DecoderAudioRenderer.REINITIALIZATION_STATE_WAIT_END_OF_STREAM}" />
    </annotation>
  </item>
  <item name="com.google.android.exoplayer2.audio.DecoderAudioRenderer int getSinkFormatSupport(com.google.android.exoplayer2.Format)">
    <annotation name="androidx.annotation.IntDef">
      <val name="value" val="{com.google.android.exoplayer2.audio.AudioSink.SINK_FORMAT_SUPPORTED_DIRECTLY, com.google.android.exoplayer2.audio.AudioSink.SINK_FORMAT_SUPPORTED_WITH_TRANSCODING, com.google.android.exoplayer2.audio.AudioSink.SINK_FORMAT_UNSUPPORTED}" />
    </annotation>
  </item>
  <item name="com.google.android.exoplayer2.audio.DecoderAudioRenderer int supportsFormat(com.google.android.exoplayer2.Format)">
  </item>
  <item name="com.google.android.exoplayer2.audio.DecoderAudioRenderer int supportsFormatInternal(com.google.android.exoplayer2.Format)">
    <annotation name="androidx.annotation.IntDef">
      <val name="value" val="{com.google.android.exoplayer2.RendererCapabilities.FORMAT_HANDLED, com.google.android.exoplayer2.RendererCapabilities.FORMAT_EXCEEDS_CAPABILITIES, com.google.android.exoplayer2.RendererCapabilities.FORMAT_UNSUPPORTED_DRM, com.google.android.exoplayer2.RendererCapabilities.FORMAT_UNSUPPORTED_SUBTYPE, com.google.android.exoplayer2.RendererCapabilities.FORMAT_UNSUPPORTED_TYPE}" />
    </annotation>
  </item>
  <item name="com.google.android.exoplayer2.audio.DefaultAudioSink int getFormatSupport(com.google.android.exoplayer2.Format)">
    <annotation name="androidx.annotation.IntDef">
      <val name="value" val="{com.google.android.exoplayer2.audio.AudioSink.SINK_FORMAT_SUPPORTED_DIRECTLY, com.google.android.exoplayer2.audio.AudioSink.SINK_FORMAT_SUPPORTED_WITH_TRANSCODING, com.google.android.exoplayer2.audio.AudioSink.SINK_FORMAT_UNSUPPORTED}" />
    </annotation>
  </item>
  <item name="com.google.android.exoplayer2.audio.DefaultAudioSink.Configuration Configuration(com.google.android.exoplayer2.Format, int, int, int, int, int, int, int, boolean, boolean, com.google.android.exoplayer2.audio.AudioProcessor[]) 2">
    <annotation name="androidx.annotation.IntDef">
      <val name="value" val="{com.google.android.exoplayer2.audio.DefaultAudioSink.OUTPUT_MODE_PCM, com.google.android.exoplayer2.audio.DefaultAudioSink.OUTPUT_MODE_OFFLOAD, com.google.android.exoplayer2.audio.DefaultAudioSink.OUTPUT_MODE_PASSTHROUGH}" />
    </annotation>
  </item>
  <item name="com.google.android.exoplayer2.audio.DefaultAudioSink.Configuration outputMode">
    <annotation name="androidx.annotation.IntDef">
      <val name="value" val="{com.google.android.exoplayer2.audio.DefaultAudioSink.OUTPUT_MODE_PCM, com.google.android.exoplayer2.audio.DefaultAudioSink.OUTPUT_MODE_OFFLOAD, com.google.android.exoplayer2.audio.DefaultAudioSink.OUTPUT_MODE_PASSTHROUGH}" />
    </annotation>
  </item>
  <item name="com.google.android.exoplayer2.audio.ForwardingAudioSink int getFormatSupport(com.google.android.exoplayer2.Format)">
    <annotation name="androidx.annotation.IntDef">
      <val name="value" val="{com.google.android.exoplayer2.audio.AudioSink.SINK_FORMAT_SUPPORTED_DIRECTLY, com.google.android.exoplayer2.audio.AudioSink.SINK_FORMAT_SUPPORTED_WITH_TRANSCODING, com.google.android.exoplayer2.audio.AudioSink.SINK_FORMAT_UNSUPPORTED}" />
    </annotation>
  </item>
  <item name="com.google.android.exoplayer2.audio.MediaCodecAudioRenderer int canKeepCodec(android.media.MediaCodec, com.google.android.exoplayer2.mediacodec.MediaCodecInfo, com.google.android.exoplayer2.Format, com.google.android.exoplayer2.Format)">
    <annotation name="androidx.annotation.IntDef">
      <val name="value" val="{com.google.android.exoplayer2.mediacodec.MediaCodecRenderer.KEEP_CODEC_RESULT_NO, com.google.android.exoplayer2.mediacodec.MediaCodecRenderer.KEEP_CODEC_RESULT_YES_WITH_FLUSH, com.google.android.exoplayer2.mediacodec.MediaCodecRenderer.KEEP_CODEC_RESULT_YES_WITH_RECONFIGURATION, com.google.android.exoplayer2.mediacodec.MediaCodecRenderer.KEEP_CODEC_RESULT_YES_WITHOUT_RECONFIGURATION}" />
    </annotation>
  </item>
  <item name="com.google.android.exoplayer2.audio.MediaCodecAudioRenderer int supportsFormat(com.google.android.exoplayer2.mediacodec.MediaCodecSelector, com.google.android.exoplayer2.Format)">
  </item>
  <item name="com.google.android.exoplayer2.audio.SilenceSkippingAudioProcessor state">
    <annotation name="androidx.annotation.IntDef">
      <val name="value" val="{com.google.android.exoplayer2.audio.SilenceSkippingAudioProcessor.STATE_NOISY, com.google.android.exoplayer2.audio.SilenceSkippingAudioProcessor.STATE_MAYBE_SILENT, com.google.android.exoplayer2.audio.SilenceSkippingAudioProcessor.STATE_SILENT}" />
    </annotation>
  </item>
</root>

