<?xml version="1.0" encoding="UTF-8"?>
<root>
  <item name="com.google.android.exoplayer2.upstream.Loader.LoadErrorAction LoadErrorAction(int, long) 0">
    <annotation name="androidx.annotation.IntDef">
      <val name="value" val="{com.google.android.exoplayer2.upstream.Loader.ACTION_TYPE_RETRY, com.google.android.exoplayer2.upstream.Loader.ACTION_TYPE_RETRY_AND_RESET_ERROR_COUNT, com.google.android.exoplayer2.upstream.Loader.ACTION_TYPE_DONT_RETRY, com.google.android.exoplayer2.upstream.Loader.ACTION_TYPE_DONT_RETRY_FATAL}" />
    </annotation>
  </item>
  <item name="com.google.android.exoplayer2.upstream.Loader.LoadErrorAction type">
    <annotation name="androidx.annotation.IntDef">
      <val name="value" val="{com.google.android.exoplayer2.upstream.Loader.ACTION_TYPE_RETRY, com.google.android.exoplayer2.upstream.Loader.ACTION_TYPE_RETRY_AND_RESET_ERROR_COUNT, com.google.android.exoplayer2.upstream.Loader.ACTION_TYPE_DONT_RETRY, com.google.android.exoplayer2.upstream.Loader.ACTION_TYPE_DONT_RETRY_FATAL}" />
    </annotation>
  </item>
</root>

