<?xml version="1.0" encoding="UTF-8"?>
<root>
  <item name="com.google.android.exoplayer2.util.FileTypes int inferFileTypeFromMimeType(java.lang.String)">
    <annotation name="androidx.annotation.IntDef">
      <val name="value" val="{com.google.android.exoplayer2.util.FileTypes.UNKNOWN, com.google.android.exoplayer2.util.FileTypes.AC3, com.google.android.exoplayer2.util.FileTypes.AC4, com.google.android.exoplayer2.util.FileTypes.ADTS, com.google.android.exoplayer2.util.FileTypes.AMR, com.google.android.exoplayer2.util.FileTypes.FLAC, com.google.android.exoplayer2.util.FileTypes.FLV, com.google.android.exoplayer2.util.FileTypes.MATROSKA, com.google.android.exoplayer2.util.FileTypes.MP3, com.google.android.exoplayer2.util.FileTypes.MP4, com.google.android.exoplayer2.util.FileTypes.OGG, com.google.android.exoplayer2.util.FileTypes.PS, com.google.android.exoplayer2.util.FileTypes.TS, com.google.android.exoplayer2.util.FileTypes.WAV, com.google.android.exoplayer2.util.FileTypes.WEBVTT}" />
    </annotation>
  </item>
  <item name="com.google.android.exoplayer2.util.FileTypes int inferFileTypeFromResponseHeaders(java.util.Map&lt;java.lang.String,java.util.List&lt;java.lang.String&gt;&gt;)">
    <annotation name="androidx.annotation.IntDef">
      <val name="value" val="{com.google.android.exoplayer2.util.FileTypes.UNKNOWN, com.google.android.exoplayer2.util.FileTypes.AC3, com.google.android.exoplayer2.util.FileTypes.AC4, com.google.android.exoplayer2.util.FileTypes.ADTS, com.google.android.exoplayer2.util.FileTypes.AMR, com.google.android.exoplayer2.util.FileTypes.FLAC, com.google.android.exoplayer2.util.FileTypes.FLV, com.google.android.exoplayer2.util.FileTypes.MATROSKA, com.google.android.exoplayer2.util.FileTypes.MP3, com.google.android.exoplayer2.util.FileTypes.MP4, com.google.android.exoplayer2.util.FileTypes.OGG, com.google.android.exoplayer2.util.FileTypes.PS, com.google.android.exoplayer2.util.FileTypes.TS, com.google.android.exoplayer2.util.FileTypes.WAV, com.google.android.exoplayer2.util.FileTypes.WEBVTT}" />
    </annotation>
  </item>
  <item name="com.google.android.exoplayer2.util.FileTypes int inferFileTypeFromUri(android.net.Uri)">
    <annotation name="androidx.annotation.IntDef">
      <val name="value" val="{com.google.android.exoplayer2.util.FileTypes.UNKNOWN, com.google.android.exoplayer2.util.FileTypes.AC3, com.google.android.exoplayer2.util.FileTypes.AC4, com.google.android.exoplayer2.util.FileTypes.ADTS, com.google.android.exoplayer2.util.FileTypes.AMR, com.google.android.exoplayer2.util.FileTypes.FLAC, com.google.android.exoplayer2.util.FileTypes.FLV, com.google.android.exoplayer2.util.FileTypes.MATROSKA, com.google.android.exoplayer2.util.FileTypes.MP3, com.google.android.exoplayer2.util.FileTypes.MP4, com.google.android.exoplayer2.util.FileTypes.OGG, com.google.android.exoplayer2.util.FileTypes.PS, com.google.android.exoplayer2.util.FileTypes.TS, com.google.android.exoplayer2.util.FileTypes.WAV, com.google.android.exoplayer2.util.FileTypes.WEBVTT}" />
    </annotation>
  </item>
  <item name="com.google.android.exoplayer2.util.FileTypes.Type">
    <annotation name="androidx.annotation.IntDef">
      <val name="value" val="{com.google.android.exoplayer2.util.FileTypes.UNKNOWN, com.google.android.exoplayer2.util.FileTypes.AC3, com.google.android.exoplayer2.util.FileTypes.AC4, com.google.android.exoplayer2.util.FileTypes.ADTS, com.google.android.exoplayer2.util.FileTypes.AMR, com.google.android.exoplayer2.util.FileTypes.FLAC, com.google.android.exoplayer2.util.FileTypes.FLV, com.google.android.exoplayer2.util.FileTypes.MATROSKA, com.google.android.exoplayer2.util.FileTypes.MP3, com.google.android.exoplayer2.util.FileTypes.MP4, com.google.android.exoplayer2.util.FileTypes.OGG, com.google.android.exoplayer2.util.FileTypes.PS, com.google.android.exoplayer2.util.FileTypes.TS, com.google.android.exoplayer2.util.FileTypes.WAV, com.google.android.exoplayer2.util.FileTypes.WEBVTT}" />
    </annotation>
  </item>
  <item name="com.google.android.exoplayer2.util.Log int getLogLevel()">
    <annotation name="androidx.annotation.IntDef">
      <val name="value" val="{com.google.android.exoplayer2.util.Log.LOG_LEVEL_ALL, com.google.android.exoplayer2.util.Log.LOG_LEVEL_INFO, com.google.android.exoplayer2.util.Log.LOG_LEVEL_WARNING, com.google.android.exoplayer2.util.Log.LOG_LEVEL_ERROR, com.google.android.exoplayer2.util.Log.LOG_LEVEL_OFF}" />
    </annotation>
  </item>
  <item name="com.google.android.exoplayer2.util.Log void setLogLevel(int) 0">
    <annotation name="androidx.annotation.IntDef">
      <val name="value" val="{com.google.android.exoplayer2.util.Log.LOG_LEVEL_ALL, com.google.android.exoplayer2.util.Log.LOG_LEVEL_INFO, com.google.android.exoplayer2.util.Log.LOG_LEVEL_WARNING, com.google.android.exoplayer2.util.Log.LOG_LEVEL_ERROR, com.google.android.exoplayer2.util.Log.LOG_LEVEL_OFF}" />
    </annotation>
  </item>
  <item name="com.google.android.exoplayer2.util.MimeTypes int getEncoding(java.lang.String, java.lang.String)">
    <annotation name="androidx.annotation.IntDef">
      <val name="value" val="{com.google.android.exoplayer2.Format.NO_VALUE, com.google.android.exoplayer2.C.ENCODING_INVALID, com.google.android.exoplayer2.C.ENCODING_PCM_8BIT, com.google.android.exoplayer2.C.ENCODING_PCM_16BIT, com.google.android.exoplayer2.C.ENCODING_PCM_16BIT_BIG_ENDIAN, com.google.android.exoplayer2.C.ENCODING_PCM_24BIT, com.google.android.exoplayer2.C.ENCODING_PCM_32BIT, com.google.android.exoplayer2.C.ENCODING_PCM_FLOAT, com.google.android.exoplayer2.C.ENCODING_MP3, com.google.android.exoplayer2.C.ENCODING_AAC_LC, com.google.android.exoplayer2.C.ENCODING_AAC_HE_V1, com.google.android.exoplayer2.C.ENCODING_AAC_HE_V2, com.google.android.exoplayer2.C.ENCODING_AAC_XHE, com.google.android.exoplayer2.C.ENCODING_AAC_ELD, com.google.android.exoplayer2.C.ENCODING_AAC_ER_BSAC, com.google.android.exoplayer2.C.ENCODING_AC3, com.google.android.exoplayer2.C.ENCODING_E_AC3, com.google.android.exoplayer2.C.ENCODING_E_AC3_JOC, com.google.android.exoplayer2.C.ENCODING_AC4, com.google.android.exoplayer2.C.ENCODING_DTS, com.google.android.exoplayer2.C.ENCODING_DTS_HD, com.google.android.exoplayer2.C.ENCODING_DOLBY_TRUEHD}" />
    </annotation>
  </item>
  <item name="com.google.android.exoplayer2.util.MimeTypes.Mp4aObjectType audioObjectTypeIndication">
    <annotation name="androidx.annotation.IntDef">
      <val name="value" val="{com.google.android.exoplayer2.audio.AacUtil.AUDIO_OBJECT_TYPE_AAC_LC, com.google.android.exoplayer2.audio.AacUtil.AUDIO_OBJECT_TYPE_AAC_SBR, com.google.android.exoplayer2.audio.AacUtil.AUDIO_OBJECT_TYPE_AAC_ER_BSAC, com.google.android.exoplayer2.audio.AacUtil.AUDIO_OBJECT_TYPE_AAC_ELD, com.google.android.exoplayer2.audio.AacUtil.AUDIO_OBJECT_TYPE_AAC_PS, com.google.android.exoplayer2.audio.AacUtil.AUDIO_OBJECT_TYPE_AAC_XHE}" />
    </annotation>
  </item>
  <item name="com.google.android.exoplayer2.util.Util boolean isEncodingHighResolutionPcm(int) 0">
    <annotation name="androidx.annotation.IntDef">
      <val name="value" val="{com.google.android.exoplayer2.Format.NO_VALUE, com.google.android.exoplayer2.C.ENCODING_INVALID, com.google.android.exoplayer2.C.ENCODING_PCM_8BIT, com.google.android.exoplayer2.C.ENCODING_PCM_16BIT, com.google.android.exoplayer2.C.ENCODING_PCM_16BIT_BIG_ENDIAN, com.google.android.exoplayer2.C.ENCODING_PCM_24BIT, com.google.android.exoplayer2.C.ENCODING_PCM_32BIT, com.google.android.exoplayer2.C.ENCODING_PCM_FLOAT}" />
    </annotation>
  </item>
  <item name="com.google.android.exoplayer2.util.Util boolean isEncodingLinearPcm(int) 0">
    <annotation name="androidx.annotation.IntDef">
      <val name="value" val="{com.google.android.exoplayer2.Format.NO_VALUE, com.google.android.exoplayer2.C.ENCODING_INVALID, com.google.android.exoplayer2.C.ENCODING_PCM_8BIT, com.google.android.exoplayer2.C.ENCODING_PCM_16BIT, com.google.android.exoplayer2.C.ENCODING_PCM_16BIT_BIG_ENDIAN, com.google.android.exoplayer2.C.ENCODING_PCM_24BIT, com.google.android.exoplayer2.C.ENCODING_PCM_32BIT, com.google.android.exoplayer2.C.ENCODING_PCM_FLOAT, com.google.android.exoplayer2.C.ENCODING_MP3, com.google.android.exoplayer2.C.ENCODING_AAC_LC, com.google.android.exoplayer2.C.ENCODING_AAC_HE_V1, com.google.android.exoplayer2.C.ENCODING_AAC_HE_V2, com.google.android.exoplayer2.C.ENCODING_AAC_XHE, com.google.android.exoplayer2.C.ENCODING_AAC_ELD, com.google.android.exoplayer2.C.ENCODING_AAC_ER_BSAC, com.google.android.exoplayer2.C.ENCODING_AC3, com.google.android.exoplayer2.C.ENCODING_E_AC3, com.google.android.exoplayer2.C.ENCODING_E_AC3_JOC, com.google.android.exoplayer2.C.ENCODING_AC4, com.google.android.exoplayer2.C.ENCODING_DTS, com.google.android.exoplayer2.C.ENCODING_DTS_HD, com.google.android.exoplayer2.C.ENCODING_DOLBY_TRUEHD}" />
    </annotation>
  </item>
  <item name="com.google.android.exoplayer2.util.Util com.google.android.exoplayer2.Format getPcmFormat(int, int, int) 0">
    <annotation name="androidx.annotation.IntDef">
      <val name="value" val="{com.google.android.exoplayer2.Format.NO_VALUE, com.google.android.exoplayer2.C.ENCODING_INVALID, com.google.android.exoplayer2.C.ENCODING_PCM_8BIT, com.google.android.exoplayer2.C.ENCODING_PCM_16BIT, com.google.android.exoplayer2.C.ENCODING_PCM_16BIT_BIG_ENDIAN, com.google.android.exoplayer2.C.ENCODING_PCM_24BIT, com.google.android.exoplayer2.C.ENCODING_PCM_32BIT, com.google.android.exoplayer2.C.ENCODING_PCM_FLOAT}" />
    </annotation>
  </item>
  <item name="com.google.android.exoplayer2.util.Util int getAudioContentTypeForStreamType(int)">
    <annotation name="androidx.annotation.IntDef">
      <val name="value" val="{com.google.android.exoplayer2.C.CONTENT_TYPE_MOVIE, com.google.android.exoplayer2.C.CONTENT_TYPE_MUSIC, com.google.android.exoplayer2.C.CONTENT_TYPE_SONIFICATION, com.google.android.exoplayer2.C.CONTENT_TYPE_SPEECH, com.google.android.exoplayer2.C.CONTENT_TYPE_UNKNOWN}" />
    </annotation>
  </item>
  <item name="com.google.android.exoplayer2.util.Util int getAudioContentTypeForStreamType(int) 0">
    <annotation name="androidx.annotation.IntDef">
      <val name="value" val="{com.google.android.exoplayer2.C.STREAM_TYPE_ALARM, com.google.android.exoplayer2.C.STREAM_TYPE_DTMF, com.google.android.exoplayer2.C.STREAM_TYPE_MUSIC, com.google.android.exoplayer2.C.STREAM_TYPE_NOTIFICATION, com.google.android.exoplayer2.C.STREAM_TYPE_RING, com.google.android.exoplayer2.C.STREAM_TYPE_SYSTEM, com.google.android.exoplayer2.C.STREAM_TYPE_VOICE_CALL, com.google.android.exoplayer2.C.STREAM_TYPE_USE_DEFAULT}" />
    </annotation>
  </item>
  <item name="com.google.android.exoplayer2.util.Util int getAudioUsageForStreamType(int)">
    <annotation name="androidx.annotation.IntDef">
      <val name="value" val="{com.google.android.exoplayer2.C.USAGE_ALARM, com.google.android.exoplayer2.C.USAGE_ASSISTANCE_ACCESSIBILITY, com.google.android.exoplayer2.C.USAGE_ASSISTANCE_NAVIGATION_GUIDANCE, com.google.android.exoplayer2.C.USAGE_ASSISTANCE_SONIFICATION, com.google.android.exoplayer2.C.USAGE_ASSISTANT, com.google.android.exoplayer2.C.USAGE_GAME, com.google.android.exoplayer2.C.USAGE_MEDIA, com.google.android.exoplayer2.C.USAGE_NOTIFICATION, com.google.android.exoplayer2.C.USAGE_NOTIFICATION_COMMUNICATION_DELAYED, com.google.android.exoplayer2.C.USAGE_NOTIFICATION_COMMUNICATION_INSTANT, com.google.android.exoplayer2.C.USAGE_NOTIFICATION_COMMUNICATION_REQUEST, com.google.android.exoplayer2.C.USAGE_NOTIFICATION_EVENT, com.google.android.exoplayer2.C.USAGE_NOTIFICATION_RINGTONE, com.google.android.exoplayer2.C.USAGE_UNKNOWN, com.google.android.exoplayer2.C.USAGE_VOICE_COMMUNICATION, com.google.android.exoplayer2.C.USAGE_VOICE_COMMUNICATION_SIGNALLING}" />
    </annotation>
  </item>
  <item name="com.google.android.exoplayer2.util.Util int getAudioUsageForStreamType(int) 0">
    <annotation name="androidx.annotation.IntDef">
      <val name="value" val="{com.google.android.exoplayer2.C.STREAM_TYPE_ALARM, com.google.android.exoplayer2.C.STREAM_TYPE_DTMF, com.google.android.exoplayer2.C.STREAM_TYPE_MUSIC, com.google.android.exoplayer2.C.STREAM_TYPE_NOTIFICATION, com.google.android.exoplayer2.C.STREAM_TYPE_RING, com.google.android.exoplayer2.C.STREAM_TYPE_SYSTEM, com.google.android.exoplayer2.C.STREAM_TYPE_VOICE_CALL, com.google.android.exoplayer2.C.STREAM_TYPE_USE_DEFAULT}" />
    </annotation>
  </item>
  <item name="com.google.android.exoplayer2.util.Util int getMobileNetworkType(android.net.NetworkInfo)">
    <annotation name="androidx.annotation.IntDef">
      <val name="value" val="{com.google.android.exoplayer2.C.NETWORK_TYPE_UNKNOWN, com.google.android.exoplayer2.C.NETWORK_TYPE_OFFLINE, com.google.android.exoplayer2.C.NETWORK_TYPE_WIFI, com.google.android.exoplayer2.C.NETWORK_TYPE_2G, com.google.android.exoplayer2.C.NETWORK_TYPE_3G, com.google.android.exoplayer2.C.NETWORK_TYPE_4G, com.google.android.exoplayer2.C.NETWORK_TYPE_5G, com.google.android.exoplayer2.C.NETWORK_TYPE_CELLULAR_UNKNOWN, com.google.android.exoplayer2.C.NETWORK_TYPE_ETHERNET, com.google.android.exoplayer2.C.NETWORK_TYPE_OTHER}" />
    </annotation>
  </item>
  <item name="com.google.android.exoplayer2.util.Util int getNetworkType(android.content.Context)">
    <annotation name="androidx.annotation.IntDef">
      <val name="value" val="{com.google.android.exoplayer2.C.NETWORK_TYPE_UNKNOWN, com.google.android.exoplayer2.C.NETWORK_TYPE_OFFLINE, com.google.android.exoplayer2.C.NETWORK_TYPE_WIFI, com.google.android.exoplayer2.C.NETWORK_TYPE_2G, com.google.android.exoplayer2.C.NETWORK_TYPE_3G, com.google.android.exoplayer2.C.NETWORK_TYPE_4G, com.google.android.exoplayer2.C.NETWORK_TYPE_5G, com.google.android.exoplayer2.C.NETWORK_TYPE_CELLULAR_UNKNOWN, com.google.android.exoplayer2.C.NETWORK_TYPE_ETHERNET, com.google.android.exoplayer2.C.NETWORK_TYPE_OTHER}" />
    </annotation>
  </item>
  <item name="com.google.android.exoplayer2.util.Util int getPcmEncoding(int)">
    <annotation name="androidx.annotation.IntDef">
      <val name="value" val="{com.google.android.exoplayer2.Format.NO_VALUE, com.google.android.exoplayer2.C.ENCODING_INVALID, com.google.android.exoplayer2.C.ENCODING_PCM_8BIT, com.google.android.exoplayer2.C.ENCODING_PCM_16BIT, com.google.android.exoplayer2.C.ENCODING_PCM_16BIT_BIG_ENDIAN, com.google.android.exoplayer2.C.ENCODING_PCM_24BIT, com.google.android.exoplayer2.C.ENCODING_PCM_32BIT, com.google.android.exoplayer2.C.ENCODING_PCM_FLOAT}" />
    </annotation>
  </item>
  <item name="com.google.android.exoplayer2.util.Util int getPcmFrameSize(int, int) 0">
    <annotation name="androidx.annotation.IntDef">
      <val name="value" val="{com.google.android.exoplayer2.Format.NO_VALUE, com.google.android.exoplayer2.C.ENCODING_INVALID, com.google.android.exoplayer2.C.ENCODING_PCM_8BIT, com.google.android.exoplayer2.C.ENCODING_PCM_16BIT, com.google.android.exoplayer2.C.ENCODING_PCM_16BIT_BIG_ENDIAN, com.google.android.exoplayer2.C.ENCODING_PCM_24BIT, com.google.android.exoplayer2.C.ENCODING_PCM_32BIT, com.google.android.exoplayer2.C.ENCODING_PCM_FLOAT}" />
    </annotation>
  </item>
  <item name="com.google.android.exoplayer2.util.Util int getStreamTypeForAudioUsage(int)">
    <annotation name="androidx.annotation.IntDef">
      <val name="value" val="{com.google.android.exoplayer2.C.STREAM_TYPE_ALARM, com.google.android.exoplayer2.C.STREAM_TYPE_DTMF, com.google.android.exoplayer2.C.STREAM_TYPE_MUSIC, com.google.android.exoplayer2.C.STREAM_TYPE_NOTIFICATION, com.google.android.exoplayer2.C.STREAM_TYPE_RING, com.google.android.exoplayer2.C.STREAM_TYPE_SYSTEM, com.google.android.exoplayer2.C.STREAM_TYPE_VOICE_CALL, com.google.android.exoplayer2.C.STREAM_TYPE_USE_DEFAULT}" />
    </annotation>
  </item>
  <item name="com.google.android.exoplayer2.util.Util int getStreamTypeForAudioUsage(int) 0">
    <annotation name="androidx.annotation.IntDef">
      <val name="value" val="{com.google.android.exoplayer2.C.USAGE_ALARM, com.google.android.exoplayer2.C.USAGE_ASSISTANCE_ACCESSIBILITY, com.google.android.exoplayer2.C.USAGE_ASSISTANCE_NAVIGATION_GUIDANCE, com.google.android.exoplayer2.C.USAGE_ASSISTANCE_SONIFICATION, com.google.android.exoplayer2.C.USAGE_ASSISTANT, com.google.android.exoplayer2.C.USAGE_GAME, com.google.android.exoplayer2.C.USAGE_MEDIA, com.google.android.exoplayer2.C.USAGE_NOTIFICATION, com.google.android.exoplayer2.C.USAGE_NOTIFICATION_COMMUNICATION_DELAYED, com.google.android.exoplayer2.C.USAGE_NOTIFICATION_COMMUNICATION_INSTANT, com.google.android.exoplayer2.C.USAGE_NOTIFICATION_COMMUNICATION_REQUEST, com.google.android.exoplayer2.C.USAGE_NOTIFICATION_EVENT, com.google.android.exoplayer2.C.USAGE_NOTIFICATION_RINGTONE, com.google.android.exoplayer2.C.USAGE_UNKNOWN, com.google.android.exoplayer2.C.USAGE_VOICE_COMMUNICATION, com.google.android.exoplayer2.C.USAGE_VOICE_COMMUNICATION_SIGNALLING}" />
    </annotation>
  </item>
  <item name="com.google.android.exoplayer2.util.Util int inferContentType(android.net.Uri)">
    <annotation name="androidx.annotation.IntDef">
      <val name="value" val="{com.google.android.exoplayer2.C.TYPE_DASH, com.google.android.exoplayer2.C.TYPE_SS, com.google.android.exoplayer2.C.TYPE_HLS, com.google.android.exoplayer2.C.TYPE_OTHER}" />
    </annotation>
  </item>
  <item name="com.google.android.exoplayer2.util.Util int inferContentType(android.net.Uri, java.lang.String)">
    <annotation name="androidx.annotation.IntDef">
      <val name="value" val="{com.google.android.exoplayer2.C.TYPE_DASH, com.google.android.exoplayer2.C.TYPE_SS, com.google.android.exoplayer2.C.TYPE_HLS, com.google.android.exoplayer2.C.TYPE_OTHER}" />
    </annotation>
  </item>
  <item name="com.google.android.exoplayer2.util.Util int inferContentType(java.lang.String)">
    <annotation name="androidx.annotation.IntDef">
      <val name="value" val="{com.google.android.exoplayer2.C.TYPE_DASH, com.google.android.exoplayer2.C.TYPE_SS, com.google.android.exoplayer2.C.TYPE_HLS, com.google.android.exoplayer2.C.TYPE_OTHER}" />
    </annotation>
  </item>
  <item name="com.google.android.exoplayer2.util.Util int inferContentTypeForUriAndMimeType(android.net.Uri, java.lang.String)">
    <annotation name="androidx.annotation.IntDef">
      <val name="value" val="{com.google.android.exoplayer2.C.TYPE_DASH, com.google.android.exoplayer2.C.TYPE_SS, com.google.android.exoplayer2.C.TYPE_HLS, com.google.android.exoplayer2.C.TYPE_OTHER}" />
    </annotation>
  </item>
</root>

