<?xml version="1.0" encoding="UTF-8"?>
<root>
  <item name="com.google.android.exoplayer2.util.EGLSurfaceTexture android.opengl.EGLContext createEGLContext(android.opengl.EGLDisplay, android.opengl.EGLConfig, int) 2">
    <annotation name="androidx.annotation.IntDef">
      <val name="value" val="{com.google.android.exoplayer2.util.EGLSurfaceTexture.SECURE_MODE_NONE, com.google.android.exoplayer2.util.EGLSurfaceTexture.SECURE_MODE_SURFACELESS_CONTEXT, com.google.android.exoplayer2.util.EGLSurfaceTexture.SECURE_MODE_PROTECTED_PBUFFER}" />
    </annotation>
  </item>
  <item name="com.google.android.exoplayer2.util.EGLSurfaceTexture android.opengl.EGLSurface createEGLSurface(android.opengl.EGLDisplay, android.opengl.EGLConfig, android.opengl.EGLContext, int) 3">
    <annotation name="androidx.annotation.IntDef">
      <val name="value" val="{com.google.android.exoplayer2.util.EGLSurfaceTexture.SECURE_MODE_NONE, com.google.android.exoplayer2.util.EGLSurfaceTexture.SECURE_MODE_SURFACELESS_CONTEXT, com.google.android.exoplayer2.util.EGLSurfaceTexture.SECURE_MODE_PROTECTED_PBUFFER}" />
    </annotation>
  </item>
  <item name="com.google.android.exoplayer2.util.EGLSurfaceTexture void init(int) 0">
    <annotation name="androidx.annotation.IntDef">
      <val name="value" val="{com.google.android.exoplayer2.util.EGLSurfaceTexture.SECURE_MODE_NONE, com.google.android.exoplayer2.util.EGLSurfaceTexture.SECURE_MODE_SURFACELESS_CONTEXT, com.google.android.exoplayer2.util.EGLSurfaceTexture.SECURE_MODE_PROTECTED_PBUFFER}" />
    </annotation>
  </item>
  <item name="com.google.android.exoplayer2.util.EGLSurfaceTexture.SecureMode">
    <annotation name="androidx.annotation.IntDef">
      <val name="value" val="{com.google.android.exoplayer2.util.EGLSurfaceTexture.SECURE_MODE_NONE, com.google.android.exoplayer2.util.EGLSurfaceTexture.SECURE_MODE_SURFACELESS_CONTEXT, com.google.android.exoplayer2.util.EGLSurfaceTexture.SECURE_MODE_PROTECTED_PBUFFER}" />
    </annotation>
  </item>
  <item name="com.google.android.exoplayer2.util.EventLogger java.lang.String getAdaptiveSupportString(int, int) 1">
    <annotation name="androidx.annotation.IntDef">
      <val name="value" val="{com.google.android.exoplayer2.RendererCapabilities.ADAPTIVE_SEAMLESS, com.google.android.exoplayer2.RendererCapabilities.ADAPTIVE_NOT_SEAMLESS, com.google.android.exoplayer2.RendererCapabilities.ADAPTIVE_NOT_SUPPORTED}" />
    </annotation>
  </item>
  <item name="com.google.android.exoplayer2.util.EventLogger java.lang.String getDiscontinuityReasonString(int) 0">
    <annotation name="androidx.annotation.IntDef">
      <val name="value" val="{com.google.android.exoplayer2.Player.DISCONTINUITY_REASON_PERIOD_TRANSITION, com.google.android.exoplayer2.Player.DISCONTINUITY_REASON_SEEK, com.google.android.exoplayer2.Player.DISCONTINUITY_REASON_SEEK_ADJUSTMENT, com.google.android.exoplayer2.Player.DISCONTINUITY_REASON_AD_INSERTION, com.google.android.exoplayer2.Player.DISCONTINUITY_REASON_INTERNAL}" />
    </annotation>
  </item>
  <item name="com.google.android.exoplayer2.util.EventLogger java.lang.String getMediaItemTransitionReasonString(int) 0">
    <annotation name="androidx.annotation.IntDef">
      <val name="value" val="{com.google.android.exoplayer2.Player.MEDIA_ITEM_TRANSITION_REASON_REPEAT, com.google.android.exoplayer2.Player.MEDIA_ITEM_TRANSITION_REASON_AUTO, com.google.android.exoplayer2.Player.MEDIA_ITEM_TRANSITION_REASON_SEEK, com.google.android.exoplayer2.Player.MEDIA_ITEM_TRANSITION_REASON_PLAYLIST_CHANGED}" />
    </annotation>
  </item>
  <item name="com.google.android.exoplayer2.util.EventLogger java.lang.String getPlayWhenReadyChangeReasonString(int) 0">
    <annotation name="androidx.annotation.IntDef">
      <val name="value" val="{com.google.android.exoplayer2.Player.PLAY_WHEN_READY_CHANGE_REASON_USER_REQUEST, com.google.android.exoplayer2.Player.PLAY_WHEN_READY_CHANGE_REASON_AUDIO_FOCUS_LOSS, com.google.android.exoplayer2.Player.PLAY_WHEN_READY_CHANGE_REASON_AUDIO_BECOMING_NOISY, com.google.android.exoplayer2.Player.PLAY_WHEN_READY_CHANGE_REASON_REMOTE, com.google.android.exoplayer2.Player.PLAY_WHEN_READY_CHANGE_REASON_END_OF_MEDIA_ITEM}" />
    </annotation>
  </item>
  <item name="com.google.android.exoplayer2.util.EventLogger java.lang.String getPlaybackSuppressionReasonString(int) 0">
    <annotation name="androidx.annotation.IntDef">
      <val name="value" val="{com.google.android.exoplayer2.Player.PLAYBACK_SUPPRESSION_REASON_NONE, com.google.android.exoplayer2.Player.PLAYBACK_SUPPRESSION_REASON_TRANSIENT_AUDIO_FOCUS_LOSS}" />
    </annotation>
  </item>
  <item name="com.google.android.exoplayer2.util.EventLogger java.lang.String getRepeatModeString(int) 0">
    <annotation name="androidx.annotation.IntDef">
      <val name="value" val="{com.google.android.exoplayer2.Player.REPEAT_MODE_OFF, com.google.android.exoplayer2.Player.REPEAT_MODE_ONE, com.google.android.exoplayer2.Player.REPEAT_MODE_ALL}" />
    </annotation>
  </item>
  <item name="com.google.android.exoplayer2.util.EventLogger java.lang.String getTimelineChangeReasonString(int) 0">
    <annotation name="androidx.annotation.IntDef">
      <val name="value" val="{com.google.android.exoplayer2.Player.TIMELINE_CHANGE_REASON_PLAYLIST_CHANGED, com.google.android.exoplayer2.Player.TIMELINE_CHANGE_REASON_SOURCE_UPDATE}" />
    </annotation>
  </item>
  <item name="com.google.android.exoplayer2.util.EventLogger void onPlayWhenReadyChanged(com.google.android.exoplayer2.analytics.AnalyticsListener.EventTime, boolean, int) 2">
    <annotation name="androidx.annotation.IntDef">
      <val name="value" val="{com.google.android.exoplayer2.Player.PLAY_WHEN_READY_CHANGE_REASON_USER_REQUEST, com.google.android.exoplayer2.Player.PLAY_WHEN_READY_CHANGE_REASON_AUDIO_FOCUS_LOSS, com.google.android.exoplayer2.Player.PLAY_WHEN_READY_CHANGE_REASON_AUDIO_BECOMING_NOISY, com.google.android.exoplayer2.Player.PLAY_WHEN_READY_CHANGE_REASON_REMOTE, com.google.android.exoplayer2.Player.PLAY_WHEN_READY_CHANGE_REASON_END_OF_MEDIA_ITEM}" />
    </annotation>
  </item>
  <item name="com.google.android.exoplayer2.util.EventLogger void onPlaybackStateChanged(com.google.android.exoplayer2.analytics.AnalyticsListener.EventTime, int) 1">
    <annotation name="androidx.annotation.IntDef">
      <val name="value" val="{com.google.android.exoplayer2.Player.STATE_IDLE, com.google.android.exoplayer2.Player.STATE_BUFFERING, com.google.android.exoplayer2.Player.STATE_READY, com.google.android.exoplayer2.Player.STATE_ENDED}" />
    </annotation>
  </item>
  <item name="com.google.android.exoplayer2.util.EventLogger void onPlaybackSuppressionReasonChanged(com.google.android.exoplayer2.analytics.AnalyticsListener.EventTime, int) 1">
    <annotation name="androidx.annotation.IntDef">
      <val name="value" val="{com.google.android.exoplayer2.Player.PLAYBACK_SUPPRESSION_REASON_NONE, com.google.android.exoplayer2.Player.PLAYBACK_SUPPRESSION_REASON_TRANSIENT_AUDIO_FOCUS_LOSS}" />
    </annotation>
  </item>
  <item name="com.google.android.exoplayer2.util.EventLogger void onPositionDiscontinuity(com.google.android.exoplayer2.analytics.AnalyticsListener.EventTime, int) 1">
    <annotation name="androidx.annotation.IntDef">
      <val name="value" val="{com.google.android.exoplayer2.Player.DISCONTINUITY_REASON_PERIOD_TRANSITION, com.google.android.exoplayer2.Player.DISCONTINUITY_REASON_SEEK, com.google.android.exoplayer2.Player.DISCONTINUITY_REASON_SEEK_ADJUSTMENT, com.google.android.exoplayer2.Player.DISCONTINUITY_REASON_AD_INSERTION, com.google.android.exoplayer2.Player.DISCONTINUITY_REASON_INTERNAL}" />
    </annotation>
  </item>
  <item name="com.google.android.exoplayer2.util.EventLogger void onRepeatModeChanged(com.google.android.exoplayer2.analytics.AnalyticsListener.EventTime, int) 1">
    <annotation name="androidx.annotation.IntDef">
      <val name="value" val="{com.google.android.exoplayer2.Player.REPEAT_MODE_OFF, com.google.android.exoplayer2.Player.REPEAT_MODE_ONE, com.google.android.exoplayer2.Player.REPEAT_MODE_ALL}" />
    </annotation>
  </item>
  <item name="com.google.android.exoplayer2.util.EventLogger void onTimelineChanged(com.google.android.exoplayer2.analytics.AnalyticsListener.EventTime, int) 1">
    <annotation name="androidx.annotation.IntDef">
      <val name="value" val="{com.google.android.exoplayer2.Player.TIMELINE_CHANGE_REASON_PLAYLIST_CHANGED, com.google.android.exoplayer2.Player.TIMELINE_CHANGE_REASON_SOURCE_UPDATE}" />
    </annotation>
  </item>
  <item name="com.google.android.exoplayer2.util.NotificationUtil void createNotificationChannel(android.content.Context, java.lang.String, int, int) 3">
    <annotation name="androidx.annotation.IntDef">
      <val name="value" val="{com.google.android.exoplayer2.util.NotificationUtil.IMPORTANCE_UNSPECIFIED, com.google.android.exoplayer2.util.NotificationUtil.IMPORTANCE_NONE, com.google.android.exoplayer2.util.NotificationUtil.IMPORTANCE_MIN, com.google.android.exoplayer2.util.NotificationUtil.IMPORTANCE_LOW, com.google.android.exoplayer2.util.NotificationUtil.IMPORTANCE_DEFAULT, com.google.android.exoplayer2.util.NotificationUtil.IMPORTANCE_HIGH}" />
    </annotation>
  </item>
  <item name="com.google.android.exoplayer2.util.NotificationUtil void createNotificationChannel(android.content.Context, java.lang.String, int, int, int) 4">
    <annotation name="androidx.annotation.IntDef">
      <val name="value" val="{com.google.android.exoplayer2.util.NotificationUtil.IMPORTANCE_UNSPECIFIED, com.google.android.exoplayer2.util.NotificationUtil.IMPORTANCE_NONE, com.google.android.exoplayer2.util.NotificationUtil.IMPORTANCE_MIN, com.google.android.exoplayer2.util.NotificationUtil.IMPORTANCE_LOW, com.google.android.exoplayer2.util.NotificationUtil.IMPORTANCE_DEFAULT, com.google.android.exoplayer2.util.NotificationUtil.IMPORTANCE_HIGH}" />
    </annotation>
  </item>
  <item name="com.google.android.exoplayer2.util.NotificationUtil.Importance">
    <annotation name="androidx.annotation.IntDef">
      <val name="value" val="{com.google.android.exoplayer2.util.NotificationUtil.IMPORTANCE_UNSPECIFIED, com.google.android.exoplayer2.util.NotificationUtil.IMPORTANCE_NONE, com.google.android.exoplayer2.util.NotificationUtil.IMPORTANCE_MIN, com.google.android.exoplayer2.util.NotificationUtil.IMPORTANCE_LOW, com.google.android.exoplayer2.util.NotificationUtil.IMPORTANCE_DEFAULT, com.google.android.exoplayer2.util.NotificationUtil.IMPORTANCE_HIGH}" />
    </annotation>
  </item>
  <item name="com.google.android.exoplayer2.util.RepeatModeUtil boolean isRepeatModeEnabled(int, int) 0">
    <annotation name="androidx.annotation.IntDef">
      <val name="value" val="{com.google.android.exoplayer2.Player.REPEAT_MODE_OFF, com.google.android.exoplayer2.Player.REPEAT_MODE_ONE, com.google.android.exoplayer2.Player.REPEAT_MODE_ALL}" />
    </annotation>
  </item>
  <item name="com.google.android.exoplayer2.util.RepeatModeUtil int getNextRepeatMode(int, int)">
    <annotation name="androidx.annotation.IntDef">
      <val name="value" val="{com.google.android.exoplayer2.Player.REPEAT_MODE_OFF, com.google.android.exoplayer2.Player.REPEAT_MODE_ONE, com.google.android.exoplayer2.Player.REPEAT_MODE_ALL}" />
    </annotation>
  </item>
  <item name="com.google.android.exoplayer2.util.RepeatModeUtil int getNextRepeatMode(int, int) 0">
    <annotation name="androidx.annotation.IntDef">
      <val name="value" val="{com.google.android.exoplayer2.Player.REPEAT_MODE_OFF, com.google.android.exoplayer2.Player.REPEAT_MODE_ONE, com.google.android.exoplayer2.Player.REPEAT_MODE_ALL}" />
    </annotation>
  </item>
  <item name="com.google.android.exoplayer2.util.RepeatModeUtil.RepeatToggleModes">
    <annotation name="androidx.annotation.IntDef">
      <val name="flag" val="true" />
      <val name="value" val="{com.google.android.exoplayer2.util.RepeatModeUtil.REPEAT_TOGGLE_MODE_NONE, com.google.android.exoplayer2.util.RepeatModeUtil.REPEAT_TOGGLE_MODE_ONE, com.google.android.exoplayer2.util.RepeatModeUtil.REPEAT_TOGGLE_MODE_ALL}" />
    </annotation>
  </item>
</root>

