<?xml version="1.0" encoding="UTF-8"?>
<root>
  <item name="com.google.android.exoplayer2.source.ClippingMediaSource.IllegalClippingException IllegalClippingException(int) 0">
    <annotation name="androidx.annotation.IntDef">
      <val name="value" val="{com.google.android.exoplayer2.source.ClippingMediaSource.IllegalClippingException.REASON_INVALID_PERIOD_COUNT, com.google.android.exoplayer2.source.ClippingMediaSource.IllegalClippingException.REASON_NOT_SEEKABLE_TO_START, com.google.android.exoplayer2.source.ClippingMediaSource.IllegalClippingException.REASON_START_EXCEEDS_END}" />
    </annotation>
  </item>
  <item name="com.google.android.exoplayer2.source.ClippingMediaSource.IllegalClippingException java.lang.String getReasonDescription(int) 0">
    <annotation name="androidx.annotation.IntDef">
      <val name="value" val="{com.google.android.exoplayer2.source.ClippingMediaSource.IllegalClippingException.REASON_INVALID_PERIOD_COUNT, com.google.android.exoplayer2.source.ClippingMediaSource.IllegalClippingException.REASON_NOT_SEEKABLE_TO_START, com.google.android.exoplayer2.source.ClippingMediaSource.IllegalClippingException.REASON_START_EXCEEDS_END}" />
    </annotation>
  </item>
  <item name="com.google.android.exoplayer2.source.ClippingMediaSource.IllegalClippingException reason">
    <annotation name="androidx.annotation.IntDef">
      <val name="value" val="{com.google.android.exoplayer2.source.ClippingMediaSource.IllegalClippingException.REASON_INVALID_PERIOD_COUNT, com.google.android.exoplayer2.source.ClippingMediaSource.IllegalClippingException.REASON_NOT_SEEKABLE_TO_START, com.google.android.exoplayer2.source.ClippingMediaSource.IllegalClippingException.REASON_START_EXCEEDS_END}" />
    </annotation>
  </item>
  <item name="com.google.android.exoplayer2.source.ClippingMediaSource.IllegalClippingException.Reason">
    <annotation name="androidx.annotation.IntDef">
      <val name="value" val="{com.google.android.exoplayer2.source.ClippingMediaSource.IllegalClippingException.REASON_INVALID_PERIOD_COUNT, com.google.android.exoplayer2.source.ClippingMediaSource.IllegalClippingException.REASON_NOT_SEEKABLE_TO_START, com.google.android.exoplayer2.source.ClippingMediaSource.IllegalClippingException.REASON_START_EXCEEDS_END}" />
    </annotation>
  </item>
  <item name="com.google.android.exoplayer2.source.ForwardingTimeline int getNextWindowIndex(int, int, boolean) 1">
    <annotation name="androidx.annotation.IntDef">
      <val name="value" val="{com.google.android.exoplayer2.Player.REPEAT_MODE_OFF, com.google.android.exoplayer2.Player.REPEAT_MODE_ONE, com.google.android.exoplayer2.Player.REPEAT_MODE_ALL}" />
    </annotation>
  </item>
  <item name="com.google.android.exoplayer2.source.ForwardingTimeline int getPreviousWindowIndex(int, int, boolean) 1">
    <annotation name="androidx.annotation.IntDef">
      <val name="value" val="{com.google.android.exoplayer2.Player.REPEAT_MODE_OFF, com.google.android.exoplayer2.Player.REPEAT_MODE_ONE, com.google.android.exoplayer2.Player.REPEAT_MODE_ALL}" />
    </annotation>
  </item>
  <item name="com.google.android.exoplayer2.source.LoopingMediaSource.InfinitelyLoopingTimeline int getNextWindowIndex(int, int, boolean) 1">
    <annotation name="androidx.annotation.IntDef">
      <val name="value" val="{com.google.android.exoplayer2.Player.REPEAT_MODE_OFF, com.google.android.exoplayer2.Player.REPEAT_MODE_ONE, com.google.android.exoplayer2.Player.REPEAT_MODE_ALL}" />
    </annotation>
  </item>
  <item name="com.google.android.exoplayer2.source.LoopingMediaSource.InfinitelyLoopingTimeline int getPreviousWindowIndex(int, int, boolean) 1">
    <annotation name="androidx.annotation.IntDef">
      <val name="value" val="{com.google.android.exoplayer2.Player.REPEAT_MODE_OFF, com.google.android.exoplayer2.Player.REPEAT_MODE_ONE, com.google.android.exoplayer2.Player.REPEAT_MODE_ALL}" />
    </annotation>
  </item>
  <item name="com.google.android.exoplayer2.source.MergingMediaSource.IllegalMergeException IllegalMergeException(int) 0">
    <annotation name="androidx.annotation.IntDef">
      <val name="value" val="{com.google.android.exoplayer2.source.MergingMediaSource.IllegalMergeException.REASON_PERIOD_COUNT_MISMATCH}" />
    </annotation>
  </item>
  <item name="com.google.android.exoplayer2.source.MergingMediaSource.IllegalMergeException reason">
    <annotation name="androidx.annotation.IntDef">
      <val name="value" val="{com.google.android.exoplayer2.source.MergingMediaSource.IllegalMergeException.REASON_PERIOD_COUNT_MISMATCH}" />
    </annotation>
  </item>
  <item name="com.google.android.exoplayer2.source.MergingMediaSource.IllegalMergeException.Reason">
    <annotation name="androidx.annotation.IntDef">
      <val name="value" val="{com.google.android.exoplayer2.source.MergingMediaSource.IllegalMergeException.REASON_PERIOD_COUNT_MISMATCH}" />
    </annotation>
  </item>
  <item name="com.google.android.exoplayer2.source.SampleStream int readData(com.google.android.exoplayer2.FormatHolder, com.google.android.exoplayer2.decoder.DecoderInputBuffer, boolean)">
    <annotation name="androidx.annotation.IntDef">
      <val name="value" val="{com.google.android.exoplayer2.C.RESULT_NOTHING_READ, com.google.android.exoplayer2.C.RESULT_FORMAT_READ, com.google.android.exoplayer2.C.RESULT_BUFFER_READ}" />
    </annotation>
  </item>
  <item name="com.google.android.exoplayer2.source.SampleStream.ReadDataResult">
    <annotation name="androidx.annotation.IntDef">
      <val name="value" val="{com.google.android.exoplayer2.C.RESULT_NOTHING_READ, com.google.android.exoplayer2.C.RESULT_FORMAT_READ, com.google.android.exoplayer2.C.RESULT_BUFFER_READ}" />
    </annotation>
  </item>
</root>

