<?xml version="1.0" encoding="UTF-8"?>
<root>
  <item name="com.google.android.exoplayer2.text.span.RubySpan RubySpan(java.lang.String, int) 1">
    <annotation name="androidx.annotation.IntDef">
      <val name="value" val="{com.google.android.exoplayer2.text.span.RubySpan.POSITION_UNKNOWN, com.google.android.exoplayer2.text.span.RubySpan.POSITION_OVER, com.google.android.exoplayer2.text.span.RubySpan.POSITION_UNDER}" />
    </annotation>
  </item>
  <item name="com.google.android.exoplayer2.text.span.RubySpan position">
    <annotation name="androidx.annotation.IntDef">
      <val name="value" val="{com.google.android.exoplayer2.text.span.RubySpan.POSITION_UNKNOWN, com.google.android.exoplayer2.text.span.RubySpan.POSITION_OVER, com.google.android.exoplayer2.text.span.RubySpan.POSITION_UNDER}" />
    </annotation>
  </item>
  <item name="com.google.android.exoplayer2.text.span.RubySpan.Position">
    <annotation name="androidx.annotation.IntDef">
      <val name="value" val="{com.google.android.exoplayer2.text.span.RubySpan.POSITION_UNKNOWN, com.google.android.exoplayer2.text.span.RubySpan.POSITION_OVER, com.google.android.exoplayer2.text.span.RubySpan.POSITION_UNDER}" />
    </annotation>
  </item>
</root>

