<?xml version="1.0" encoding="UTF-8"?>
<root>
  <item name="com.google.android.exoplayer2.AbstractConcatenatedTimeline int getNextWindowIndex(int, int, boolean) 1">
    <annotation name="androidx.annotation.IntDef">
      <val name="value" val="{com.google.android.exoplayer2.Player.REPEAT_MODE_OFF, com.google.android.exoplayer2.Player.REPEAT_MODE_ONE, com.google.android.exoplayer2.Player.REPEAT_MODE_ALL}" />
    </annotation>
  </item>
  <item name="com.google.android.exoplayer2.AbstractConcatenatedTimeline int getPreviousWindowIndex(int, int, boolean) 1">
    <annotation name="androidx.annotation.IntDef">
      <val name="value" val="{com.google.android.exoplayer2.Player.REPEAT_MODE_OFF, com.google.android.exoplayer2.Player.REPEAT_MODE_ONE, com.google.android.exoplayer2.Player.REPEAT_MODE_ALL}" />
    </annotation>
  </item>
  <item name="com.google.android.exoplayer2.AudioFocusManager audioFocusState">
    <annotation name="androidx.annotation.IntDef">
      <val name="value" val="{com.google.android.exoplayer2.AudioFocusManager.AUDIO_FOCUS_STATE_NO_FOCUS, com.google.android.exoplayer2.AudioFocusManager.AUDIO_FOCUS_STATE_HAVE_FOCUS, com.google.android.exoplayer2.AudioFocusManager.AUDIO_FOCUS_STATE_LOSS_TRANSIENT, com.google.android.exoplayer2.AudioFocusManager.AUDIO_FOCUS_STATE_LOSS_TRANSIENT_DUCK}" />
    </annotation>
  </item>
  <item name="com.google.android.exoplayer2.AudioFocusManager boolean shouldAbandonAudioFocus(int) 0">
    <annotation name="androidx.annotation.IntDef">
      <val name="value" val="{com.google.android.exoplayer2.Player.STATE_IDLE, com.google.android.exoplayer2.Player.STATE_BUFFERING, com.google.android.exoplayer2.Player.STATE_READY, com.google.android.exoplayer2.Player.STATE_ENDED}" />
    </annotation>
  </item>
  <item name="com.google.android.exoplayer2.AudioFocusManager int requestAudioFocus()">
    <annotation name="androidx.annotation.IntDef">
      <val name="value" val="{com.google.android.exoplayer2.AudioFocusManager.PLAYER_COMMAND_DO_NOT_PLAY, com.google.android.exoplayer2.AudioFocusManager.PLAYER_COMMAND_WAIT_FOR_CALLBACK, com.google.android.exoplayer2.AudioFocusManager.PLAYER_COMMAND_PLAY_WHEN_READY}" />
    </annotation>
  </item>
  <item name="com.google.android.exoplayer2.AudioFocusManager int updateAudioFocus(boolean, int)">
    <annotation name="androidx.annotation.IntDef">
      <val name="value" val="{com.google.android.exoplayer2.AudioFocusManager.PLAYER_COMMAND_DO_NOT_PLAY, com.google.android.exoplayer2.AudioFocusManager.PLAYER_COMMAND_WAIT_FOR_CALLBACK, com.google.android.exoplayer2.AudioFocusManager.PLAYER_COMMAND_PLAY_WHEN_READY}" />
    </annotation>
  </item>
  <item name="com.google.android.exoplayer2.AudioFocusManager int updateAudioFocus(boolean, int) 1">
    <annotation name="androidx.annotation.IntDef">
      <val name="value" val="{com.google.android.exoplayer2.Player.STATE_IDLE, com.google.android.exoplayer2.Player.STATE_BUFFERING, com.google.android.exoplayer2.Player.STATE_READY, com.google.android.exoplayer2.Player.STATE_ENDED}" />
    </annotation>
  </item>
  <item name="com.google.android.exoplayer2.AudioFocusManager void executePlayerCommand(int) 0">
    <annotation name="androidx.annotation.IntDef">
      <val name="value" val="{com.google.android.exoplayer2.AudioFocusManager.PLAYER_COMMAND_DO_NOT_PLAY, com.google.android.exoplayer2.AudioFocusManager.PLAYER_COMMAND_WAIT_FOR_CALLBACK, com.google.android.exoplayer2.AudioFocusManager.PLAYER_COMMAND_PLAY_WHEN_READY}" />
    </annotation>
  </item>
  <item name="com.google.android.exoplayer2.AudioFocusManager void setAudioFocusState(int) 0">
    <annotation name="androidx.annotation.IntDef">
      <val name="value" val="{com.google.android.exoplayer2.AudioFocusManager.AUDIO_FOCUS_STATE_NO_FOCUS, com.google.android.exoplayer2.AudioFocusManager.AUDIO_FOCUS_STATE_HAVE_FOCUS, com.google.android.exoplayer2.AudioFocusManager.AUDIO_FOCUS_STATE_LOSS_TRANSIENT, com.google.android.exoplayer2.AudioFocusManager.AUDIO_FOCUS_STATE_LOSS_TRANSIENT_DUCK}" />
    </annotation>
  </item>
  <item name="com.google.android.exoplayer2.AudioFocusManager.PlayerCommand">
    <annotation name="androidx.annotation.IntDef">
      <val name="value" val="{com.google.android.exoplayer2.AudioFocusManager.PLAYER_COMMAND_DO_NOT_PLAY, com.google.android.exoplayer2.AudioFocusManager.PLAYER_COMMAND_WAIT_FOR_CALLBACK, com.google.android.exoplayer2.AudioFocusManager.PLAYER_COMMAND_PLAY_WHEN_READY}" />
    </annotation>
  </item>
  <item name="com.google.android.exoplayer2.AudioFocusManager.PlayerControl void executePlayerCommand(int) 0">
    <annotation name="androidx.annotation.IntDef">
      <val name="value" val="{com.google.android.exoplayer2.AudioFocusManager.PLAYER_COMMAND_DO_NOT_PLAY, com.google.android.exoplayer2.AudioFocusManager.PLAYER_COMMAND_WAIT_FOR_CALLBACK, com.google.android.exoplayer2.AudioFocusManager.PLAYER_COMMAND_PLAY_WHEN_READY}" />
    </annotation>
  </item>
  <item name="com.google.android.exoplayer2.BasePlayer int getRepeatModeForNavigation()">
    <annotation name="androidx.annotation.IntDef">
      <val name="value" val="{com.google.android.exoplayer2.Player.REPEAT_MODE_OFF, com.google.android.exoplayer2.Player.REPEAT_MODE_ONE, com.google.android.exoplayer2.Player.REPEAT_MODE_ALL}" />
    </annotation>
  </item>
  <item name="com.google.android.exoplayer2.BaseRenderer int readSource(com.google.android.exoplayer2.FormatHolder, com.google.android.exoplayer2.decoder.DecoderInputBuffer, boolean)">
    <annotation name="androidx.annotation.IntDef">
      <val name="value" val="{com.google.android.exoplayer2.C.RESULT_NOTHING_READ, com.google.android.exoplayer2.C.RESULT_FORMAT_READ, com.google.android.exoplayer2.C.RESULT_BUFFER_READ}" />
    </annotation>
  </item>
  <item name="com.google.android.exoplayer2.BaseRenderer int supportsMixedMimeTypeAdaptation()">
    <annotation name="androidx.annotation.IntDef">
      <val name="value" val="{com.google.android.exoplayer2.RendererCapabilities.ADAPTIVE_SEAMLESS, com.google.android.exoplayer2.RendererCapabilities.ADAPTIVE_NOT_SEAMLESS, com.google.android.exoplayer2.RendererCapabilities.ADAPTIVE_NOT_SUPPORTED}" />
    </annotation>
  </item>
  <item name="com.google.android.exoplayer2.ControlDispatcher boolean dispatchSetRepeatMode(com.google.android.exoplayer2.Player, int) 1">
    <annotation name="androidx.annotation.IntDef">
      <val name="value" val="{com.google.android.exoplayer2.Player.REPEAT_MODE_OFF, com.google.android.exoplayer2.Player.REPEAT_MODE_ONE, com.google.android.exoplayer2.Player.REPEAT_MODE_ALL}" />
    </annotation>
  </item>
  <item name="com.google.android.exoplayer2.DefaultControlDispatcher boolean dispatchSetRepeatMode(com.google.android.exoplayer2.Player, int) 1">
    <annotation name="androidx.annotation.IntDef">
      <val name="value" val="{com.google.android.exoplayer2.Player.REPEAT_MODE_OFF, com.google.android.exoplayer2.Player.REPEAT_MODE_ONE, com.google.android.exoplayer2.Player.REPEAT_MODE_ALL}" />
    </annotation>
  </item>
  <item name="com.google.android.exoplayer2.DefaultRenderersFactory DefaultRenderersFactory(android.content.Context, int) 1">
    <annotation name="androidx.annotation.IntDef">
      <val name="value" val="{com.google.android.exoplayer2.DefaultRenderersFactory.EXTENSION_RENDERER_MODE_OFF, com.google.android.exoplayer2.DefaultRenderersFactory.EXTENSION_RENDERER_MODE_ON, com.google.android.exoplayer2.DefaultRenderersFactory.EXTENSION_RENDERER_MODE_PREFER}" />
    </annotation>
  </item>
  <item name="com.google.android.exoplayer2.DefaultRenderersFactory DefaultRenderersFactory(android.content.Context, int, long) 1">
    <annotation name="androidx.annotation.IntDef">
      <val name="value" val="{com.google.android.exoplayer2.DefaultRenderersFactory.EXTENSION_RENDERER_MODE_OFF, com.google.android.exoplayer2.DefaultRenderersFactory.EXTENSION_RENDERER_MODE_ON, com.google.android.exoplayer2.DefaultRenderersFactory.EXTENSION_RENDERER_MODE_PREFER}" />
    </annotation>
  </item>
  <item name="com.google.android.exoplayer2.DefaultRenderersFactory audioMediaCodecOperationMode">
    <annotation name="androidx.annotation.IntDef">
      <val name="value" val="{com.google.android.exoplayer2.mediacodec.MediaCodecRenderer.OPERATION_MODE_SYNCHRONOUS, com.google.android.exoplayer2.mediacodec.MediaCodecRenderer.OPERATION_MODE_ASYNCHRONOUS_DEDICATED_THREAD, com.google.android.exoplayer2.mediacodec.MediaCodecRenderer.OPERATION_MODE_ASYNCHRONOUS_DEDICATED_THREAD_ASYNCHRONOUS_QUEUEING}" />
    </annotation>
  </item>
  <item name="com.google.android.exoplayer2.DefaultRenderersFactory com.google.android.exoplayer2.DefaultRenderersFactory experimentalSetAudioMediaCodecOperationMode(int) 0">
    <annotation name="androidx.annotation.IntDef">
      <val name="value" val="{com.google.android.exoplayer2.mediacodec.MediaCodecRenderer.OPERATION_MODE_SYNCHRONOUS, com.google.android.exoplayer2.mediacodec.MediaCodecRenderer.OPERATION_MODE_ASYNCHRONOUS_DEDICATED_THREAD, com.google.android.exoplayer2.mediacodec.MediaCodecRenderer.OPERATION_MODE_ASYNCHRONOUS_DEDICATED_THREAD_ASYNCHRONOUS_QUEUEING}" />
    </annotation>
  </item>
  <item name="com.google.android.exoplayer2.DefaultRenderersFactory com.google.android.exoplayer2.DefaultRenderersFactory experimentalSetMediaCodecOperationMode(int) 0">
    <annotation name="androidx.annotation.IntDef">
      <val name="value" val="{com.google.android.exoplayer2.mediacodec.MediaCodecRenderer.OPERATION_MODE_SYNCHRONOUS, com.google.android.exoplayer2.mediacodec.MediaCodecRenderer.OPERATION_MODE_ASYNCHRONOUS_DEDICATED_THREAD, com.google.android.exoplayer2.mediacodec.MediaCodecRenderer.OPERATION_MODE_ASYNCHRONOUS_DEDICATED_THREAD_ASYNCHRONOUS_QUEUEING}" />
    </annotation>
  </item>
  <item name="com.google.android.exoplayer2.DefaultRenderersFactory com.google.android.exoplayer2.DefaultRenderersFactory experimentalSetVideoMediaCodecOperationMode(int) 0">
    <annotation name="androidx.annotation.IntDef">
      <val name="value" val="{com.google.android.exoplayer2.mediacodec.MediaCodecRenderer.OPERATION_MODE_SYNCHRONOUS, com.google.android.exoplayer2.mediacodec.MediaCodecRenderer.OPERATION_MODE_ASYNCHRONOUS_DEDICATED_THREAD, com.google.android.exoplayer2.mediacodec.MediaCodecRenderer.OPERATION_MODE_ASYNCHRONOUS_DEDICATED_THREAD_ASYNCHRONOUS_QUEUEING}" />
    </annotation>
  </item>
  <item name="com.google.android.exoplayer2.DefaultRenderersFactory com.google.android.exoplayer2.DefaultRenderersFactory setExtensionRendererMode(int) 0">
    <annotation name="androidx.annotation.IntDef">
      <val name="value" val="{com.google.android.exoplayer2.DefaultRenderersFactory.EXTENSION_RENDERER_MODE_OFF, com.google.android.exoplayer2.DefaultRenderersFactory.EXTENSION_RENDERER_MODE_ON, com.google.android.exoplayer2.DefaultRenderersFactory.EXTENSION_RENDERER_MODE_PREFER}" />
    </annotation>
  </item>
  <item name="com.google.android.exoplayer2.DefaultRenderersFactory extensionRendererMode">
    <annotation name="androidx.annotation.IntDef">
      <val name="value" val="{com.google.android.exoplayer2.DefaultRenderersFactory.EXTENSION_RENDERER_MODE_OFF, com.google.android.exoplayer2.DefaultRenderersFactory.EXTENSION_RENDERER_MODE_ON, com.google.android.exoplayer2.DefaultRenderersFactory.EXTENSION_RENDERER_MODE_PREFER}" />
    </annotation>
  </item>
  <item name="com.google.android.exoplayer2.DefaultRenderersFactory videoMediaCodecOperationMode">
    <annotation name="androidx.annotation.IntDef">
      <val name="value" val="{com.google.android.exoplayer2.mediacodec.MediaCodecRenderer.OPERATION_MODE_SYNCHRONOUS, com.google.android.exoplayer2.mediacodec.MediaCodecRenderer.OPERATION_MODE_ASYNCHRONOUS_DEDICATED_THREAD, com.google.android.exoplayer2.mediacodec.MediaCodecRenderer.OPERATION_MODE_ASYNCHRONOUS_DEDICATED_THREAD_ASYNCHRONOUS_QUEUEING}" />
    </annotation>
  </item>
  <item name="com.google.android.exoplayer2.DefaultRenderersFactory void buildAudioRenderers(android.content.Context, int, com.google.android.exoplayer2.mediacodec.MediaCodecSelector, boolean, com.google.android.exoplayer2.audio.AudioSink, android.os.Handler, com.google.android.exoplayer2.audio.AudioRendererEventListener, java.util.ArrayList&lt;com.google.android.exoplayer2.Renderer&gt;) 1">
    <annotation name="androidx.annotation.IntDef">
      <val name="value" val="{com.google.android.exoplayer2.DefaultRenderersFactory.EXTENSION_RENDERER_MODE_OFF, com.google.android.exoplayer2.DefaultRenderersFactory.EXTENSION_RENDERER_MODE_ON, com.google.android.exoplayer2.DefaultRenderersFactory.EXTENSION_RENDERER_MODE_PREFER}" />
    </annotation>
  </item>
  <item name="com.google.android.exoplayer2.DefaultRenderersFactory void buildCameraMotionRenderers(android.content.Context, int, java.util.ArrayList&lt;com.google.android.exoplayer2.Renderer&gt;) 1">
    <annotation name="androidx.annotation.IntDef">
      <val name="value" val="{com.google.android.exoplayer2.DefaultRenderersFactory.EXTENSION_RENDERER_MODE_OFF, com.google.android.exoplayer2.DefaultRenderersFactory.EXTENSION_RENDERER_MODE_ON, com.google.android.exoplayer2.DefaultRenderersFactory.EXTENSION_RENDERER_MODE_PREFER}" />
    </annotation>
  </item>
  <item name="com.google.android.exoplayer2.DefaultRenderersFactory void buildMetadataRenderers(android.content.Context, com.google.android.exoplayer2.metadata.MetadataOutput, android.os.Looper, int, java.util.ArrayList&lt;com.google.android.exoplayer2.Renderer&gt;) 3">
    <annotation name="androidx.annotation.IntDef">
      <val name="value" val="{com.google.android.exoplayer2.DefaultRenderersFactory.EXTENSION_RENDERER_MODE_OFF, com.google.android.exoplayer2.DefaultRenderersFactory.EXTENSION_RENDERER_MODE_ON, com.google.android.exoplayer2.DefaultRenderersFactory.EXTENSION_RENDERER_MODE_PREFER}" />
    </annotation>
  </item>
  <item name="com.google.android.exoplayer2.DefaultRenderersFactory void buildMiscellaneousRenderers(android.content.Context, android.os.Handler, int, java.util.ArrayList&lt;com.google.android.exoplayer2.Renderer&gt;) 2">
    <annotation name="androidx.annotation.IntDef">
      <val name="value" val="{com.google.android.exoplayer2.DefaultRenderersFactory.EXTENSION_RENDERER_MODE_OFF, com.google.android.exoplayer2.DefaultRenderersFactory.EXTENSION_RENDERER_MODE_ON, com.google.android.exoplayer2.DefaultRenderersFactory.EXTENSION_RENDERER_MODE_PREFER}" />
    </annotation>
  </item>
  <item name="com.google.android.exoplayer2.DefaultRenderersFactory void buildTextRenderers(android.content.Context, com.google.android.exoplayer2.text.TextOutput, android.os.Looper, int, java.util.ArrayList&lt;com.google.android.exoplayer2.Renderer&gt;) 3">
    <annotation name="androidx.annotation.IntDef">
      <val name="value" val="{com.google.android.exoplayer2.DefaultRenderersFactory.EXTENSION_RENDERER_MODE_OFF, com.google.android.exoplayer2.DefaultRenderersFactory.EXTENSION_RENDERER_MODE_ON, com.google.android.exoplayer2.DefaultRenderersFactory.EXTENSION_RENDERER_MODE_PREFER}" />
    </annotation>
  </item>
  <item name="com.google.android.exoplayer2.DefaultRenderersFactory void buildVideoRenderers(android.content.Context, int, com.google.android.exoplayer2.mediacodec.MediaCodecSelector, boolean, android.os.Handler, com.google.android.exoplayer2.video.VideoRendererEventListener, long, java.util.ArrayList&lt;com.google.android.exoplayer2.Renderer&gt;) 1">
    <annotation name="androidx.annotation.IntDef">
      <val name="value" val="{com.google.android.exoplayer2.DefaultRenderersFactory.EXTENSION_RENDERER_MODE_OFF, com.google.android.exoplayer2.DefaultRenderersFactory.EXTENSION_RENDERER_MODE_ON, com.google.android.exoplayer2.DefaultRenderersFactory.EXTENSION_RENDERER_MODE_PREFER}" />
    </annotation>
  </item>
  <item name="com.google.android.exoplayer2.DefaultRenderersFactory.ExtensionRendererMode">
    <annotation name="androidx.annotation.IntDef">
      <val name="value" val="{com.google.android.exoplayer2.DefaultRenderersFactory.EXTENSION_RENDERER_MODE_OFF, com.google.android.exoplayer2.DefaultRenderersFactory.EXTENSION_RENDERER_MODE_ON, com.google.android.exoplayer2.DefaultRenderersFactory.EXTENSION_RENDERER_MODE_PREFER}" />
    </annotation>
  </item>
  <item name="com.google.android.exoplayer2.ExoPlaybackException ExoPlaybackException(int, java.lang.String) 0">
    <annotation name="androidx.annotation.IntDef">
      <val name="value" val="{com.google.android.exoplayer2.ExoPlaybackException.TYPE_SOURCE, com.google.android.exoplayer2.ExoPlaybackException.TYPE_RENDERER, com.google.android.exoplayer2.ExoPlaybackException.TYPE_UNEXPECTED, com.google.android.exoplayer2.ExoPlaybackException.TYPE_REMOTE, com.google.android.exoplayer2.ExoPlaybackException.TYPE_OUT_OF_MEMORY, com.google.android.exoplayer2.ExoPlaybackException.TYPE_TIMEOUT}" />
    </annotation>
  </item>
  <item name="com.google.android.exoplayer2.ExoPlaybackException ExoPlaybackException(int, java.lang.Throwable) 0">
    <annotation name="androidx.annotation.IntDef">
      <val name="value" val="{com.google.android.exoplayer2.ExoPlaybackException.TYPE_SOURCE, com.google.android.exoplayer2.ExoPlaybackException.TYPE_RENDERER, com.google.android.exoplayer2.ExoPlaybackException.TYPE_UNEXPECTED, com.google.android.exoplayer2.ExoPlaybackException.TYPE_REMOTE, com.google.android.exoplayer2.ExoPlaybackException.TYPE_OUT_OF_MEMORY, com.google.android.exoplayer2.ExoPlaybackException.TYPE_TIMEOUT}" />
    </annotation>
  </item>
  <item name="com.google.android.exoplayer2.ExoPlaybackException ExoPlaybackException(int, java.lang.Throwable, java.lang.String, java.lang.String, int, com.google.android.exoplayer2.Format, int, int) 0">
    <annotation name="androidx.annotation.IntDef">
      <val name="value" val="{com.google.android.exoplayer2.ExoPlaybackException.TYPE_SOURCE, com.google.android.exoplayer2.ExoPlaybackException.TYPE_RENDERER, com.google.android.exoplayer2.ExoPlaybackException.TYPE_UNEXPECTED, com.google.android.exoplayer2.ExoPlaybackException.TYPE_REMOTE, com.google.android.exoplayer2.ExoPlaybackException.TYPE_OUT_OF_MEMORY, com.google.android.exoplayer2.ExoPlaybackException.TYPE_TIMEOUT}" />
    </annotation>
  </item>
  <item name="com.google.android.exoplayer2.ExoPlaybackException ExoPlaybackException(int, java.lang.Throwable, java.lang.String, java.lang.String, int, com.google.android.exoplayer2.Format, int, int) 6">
    <annotation name="androidx.annotation.IntDef">
      <val name="value" val="{com.google.android.exoplayer2.RendererCapabilities.FORMAT_HANDLED, com.google.android.exoplayer2.RendererCapabilities.FORMAT_EXCEEDS_CAPABILITIES, com.google.android.exoplayer2.RendererCapabilities.FORMAT_UNSUPPORTED_DRM, com.google.android.exoplayer2.RendererCapabilities.FORMAT_UNSUPPORTED_SUBTYPE, com.google.android.exoplayer2.RendererCapabilities.FORMAT_UNSUPPORTED_TYPE}" />
    </annotation>
  </item>
  <item name="com.google.android.exoplayer2.ExoPlaybackException ExoPlaybackException(int, java.lang.Throwable, java.lang.String, java.lang.String, int, com.google.android.exoplayer2.Format, int, int) 7">
    <annotation name="androidx.annotation.IntDef">
      <val name="value" val="{com.google.android.exoplayer2.ExoPlaybackException.TIMEOUT_OPERATION_UNDEFINED, com.google.android.exoplayer2.ExoPlaybackException.TIMEOUT_OPERATION_RELEASE, com.google.android.exoplayer2.ExoPlaybackException.TIMEOUT_OPERATION_SET_FOREGROUND_MODE}" />
    </annotation>
  </item>
  <item name="com.google.android.exoplayer2.ExoPlaybackException ExoPlaybackException(java.lang.String, java.lang.Throwable, int, java.lang.String, int, com.google.android.exoplayer2.Format, int, com.google.android.exoplayer2.source.MediaSource.MediaPeriodId, int, long) 2">
    <annotation name="androidx.annotation.IntDef">
      <val name="value" val="{com.google.android.exoplayer2.ExoPlaybackException.TYPE_SOURCE, com.google.android.exoplayer2.ExoPlaybackException.TYPE_RENDERER, com.google.android.exoplayer2.ExoPlaybackException.TYPE_UNEXPECTED, com.google.android.exoplayer2.ExoPlaybackException.TYPE_REMOTE, com.google.android.exoplayer2.ExoPlaybackException.TYPE_OUT_OF_MEMORY, com.google.android.exoplayer2.ExoPlaybackException.TYPE_TIMEOUT}" />
    </annotation>
  </item>
  <item name="com.google.android.exoplayer2.ExoPlaybackException ExoPlaybackException(java.lang.String, java.lang.Throwable, int, java.lang.String, int, com.google.android.exoplayer2.Format, int, com.google.android.exoplayer2.source.MediaSource.MediaPeriodId, int, long) 6">
    <annotation name="androidx.annotation.IntDef">
      <val name="value" val="{com.google.android.exoplayer2.RendererCapabilities.FORMAT_HANDLED, com.google.android.exoplayer2.RendererCapabilities.FORMAT_EXCEEDS_CAPABILITIES, com.google.android.exoplayer2.RendererCapabilities.FORMAT_UNSUPPORTED_DRM, com.google.android.exoplayer2.RendererCapabilities.FORMAT_UNSUPPORTED_SUBTYPE, com.google.android.exoplayer2.RendererCapabilities.FORMAT_UNSUPPORTED_TYPE}" />
    </annotation>
  </item>
  <item name="com.google.android.exoplayer2.ExoPlaybackException ExoPlaybackException(java.lang.String, java.lang.Throwable, int, java.lang.String, int, com.google.android.exoplayer2.Format, int, com.google.android.exoplayer2.source.MediaSource.MediaPeriodId, int, long) 8">
    <annotation name="androidx.annotation.IntDef">
      <val name="value" val="{com.google.android.exoplayer2.ExoPlaybackException.TIMEOUT_OPERATION_UNDEFINED, com.google.android.exoplayer2.ExoPlaybackException.TIMEOUT_OPERATION_RELEASE, com.google.android.exoplayer2.ExoPlaybackException.TIMEOUT_OPERATION_SET_FOREGROUND_MODE}" />
    </annotation>
  </item>
  <item name="com.google.android.exoplayer2.ExoPlaybackException com.google.android.exoplayer2.ExoPlaybackException createForRenderer(java.lang.Exception, java.lang.String, int, com.google.android.exoplayer2.Format, int) 4">
    <annotation name="androidx.annotation.IntDef">
      <val name="value" val="{com.google.android.exoplayer2.RendererCapabilities.FORMAT_HANDLED, com.google.android.exoplayer2.RendererCapabilities.FORMAT_EXCEEDS_CAPABILITIES, com.google.android.exoplayer2.RendererCapabilities.FORMAT_UNSUPPORTED_DRM, com.google.android.exoplayer2.RendererCapabilities.FORMAT_UNSUPPORTED_SUBTYPE, com.google.android.exoplayer2.RendererCapabilities.FORMAT_UNSUPPORTED_TYPE}" />
    </annotation>
  </item>
  <item name="com.google.android.exoplayer2.ExoPlaybackException com.google.android.exoplayer2.ExoPlaybackException createForTimeout(java.util.concurrent.TimeoutException, int) 1">
    <annotation name="androidx.annotation.IntDef">
      <val name="value" val="{com.google.android.exoplayer2.ExoPlaybackException.TIMEOUT_OPERATION_UNDEFINED, com.google.android.exoplayer2.ExoPlaybackException.TIMEOUT_OPERATION_RELEASE, com.google.android.exoplayer2.ExoPlaybackException.TIMEOUT_OPERATION_SET_FOREGROUND_MODE}" />
    </annotation>
  </item>
  <item name="com.google.android.exoplayer2.ExoPlaybackException java.lang.String deriveMessage(int, java.lang.String, java.lang.String, int, com.google.android.exoplayer2.Format, int) 0">
    <annotation name="androidx.annotation.IntDef">
      <val name="value" val="{com.google.android.exoplayer2.ExoPlaybackException.TYPE_SOURCE, com.google.android.exoplayer2.ExoPlaybackException.TYPE_RENDERER, com.google.android.exoplayer2.ExoPlaybackException.TYPE_UNEXPECTED, com.google.android.exoplayer2.ExoPlaybackException.TYPE_REMOTE, com.google.android.exoplayer2.ExoPlaybackException.TYPE_OUT_OF_MEMORY, com.google.android.exoplayer2.ExoPlaybackException.TYPE_TIMEOUT}" />
    </annotation>
  </item>
  <item name="com.google.android.exoplayer2.ExoPlaybackException java.lang.String deriveMessage(int, java.lang.String, java.lang.String, int, com.google.android.exoplayer2.Format, int) 5">
    <annotation name="androidx.annotation.IntDef">
      <val name="value" val="{com.google.android.exoplayer2.RendererCapabilities.FORMAT_HANDLED, com.google.android.exoplayer2.RendererCapabilities.FORMAT_EXCEEDS_CAPABILITIES, com.google.android.exoplayer2.RendererCapabilities.FORMAT_UNSUPPORTED_DRM, com.google.android.exoplayer2.RendererCapabilities.FORMAT_UNSUPPORTED_SUBTYPE, com.google.android.exoplayer2.RendererCapabilities.FORMAT_UNSUPPORTED_TYPE}" />
    </annotation>
  </item>
  <item name="com.google.android.exoplayer2.ExoPlaybackException rendererFormatSupport">
    <annotation name="androidx.annotation.IntDef">
      <val name="value" val="{com.google.android.exoplayer2.RendererCapabilities.FORMAT_HANDLED, com.google.android.exoplayer2.RendererCapabilities.FORMAT_EXCEEDS_CAPABILITIES, com.google.android.exoplayer2.RendererCapabilities.FORMAT_UNSUPPORTED_DRM, com.google.android.exoplayer2.RendererCapabilities.FORMAT_UNSUPPORTED_SUBTYPE, com.google.android.exoplayer2.RendererCapabilities.FORMAT_UNSUPPORTED_TYPE}" />
    </annotation>
  </item>
  <item name="com.google.android.exoplayer2.ExoPlaybackException timeoutOperation">
    <annotation name="androidx.annotation.IntDef">
      <val name="value" val="{com.google.android.exoplayer2.ExoPlaybackException.TIMEOUT_OPERATION_UNDEFINED, com.google.android.exoplayer2.ExoPlaybackException.TIMEOUT_OPERATION_RELEASE, com.google.android.exoplayer2.ExoPlaybackException.TIMEOUT_OPERATION_SET_FOREGROUND_MODE}" />
    </annotation>
  </item>
  <item name="com.google.android.exoplayer2.ExoPlaybackException type">
    <annotation name="androidx.annotation.IntDef">
      <val name="value" val="{com.google.android.exoplayer2.ExoPlaybackException.TYPE_SOURCE, com.google.android.exoplayer2.ExoPlaybackException.TYPE_RENDERER, com.google.android.exoplayer2.ExoPlaybackException.TYPE_UNEXPECTED, com.google.android.exoplayer2.ExoPlaybackException.TYPE_REMOTE, com.google.android.exoplayer2.ExoPlaybackException.TYPE_OUT_OF_MEMORY, com.google.android.exoplayer2.ExoPlaybackException.TYPE_TIMEOUT}" />
    </annotation>
  </item>
  <item name="com.google.android.exoplayer2.ExoPlaybackException.TimeoutOperation">
    <annotation name="androidx.annotation.IntDef">
      <val name="value" val="{com.google.android.exoplayer2.ExoPlaybackException.TIMEOUT_OPERATION_UNDEFINED, com.google.android.exoplayer2.ExoPlaybackException.TIMEOUT_OPERATION_RELEASE, com.google.android.exoplayer2.ExoPlaybackException.TIMEOUT_OPERATION_SET_FOREGROUND_MODE}" />
    </annotation>
  </item>
  <item name="com.google.android.exoplayer2.ExoPlaybackException.Type">
    <annotation name="androidx.annotation.IntDef">
      <val name="value" val="{com.google.android.exoplayer2.ExoPlaybackException.TYPE_SOURCE, com.google.android.exoplayer2.ExoPlaybackException.TYPE_RENDERER, com.google.android.exoplayer2.ExoPlaybackException.TYPE_UNEXPECTED, com.google.android.exoplayer2.ExoPlaybackException.TYPE_REMOTE, com.google.android.exoplayer2.ExoPlaybackException.TYPE_OUT_OF_MEMORY, com.google.android.exoplayer2.ExoPlaybackException.TYPE_TIMEOUT}" />
    </annotation>
  </item>
  <item name="com.google.android.exoplayer2.ExoPlayerFactory com.google.android.exoplayer2.SimpleExoPlayer newSimpleInstance(android.content.Context, com.google.android.exoplayer2.trackselection.TrackSelector, com.google.android.exoplayer2.LoadControl, int) 3">
    <annotation name="androidx.annotation.IntDef">
      <val name="value" val="{com.google.android.exoplayer2.DefaultRenderersFactory.EXTENSION_RENDERER_MODE_OFF, com.google.android.exoplayer2.DefaultRenderersFactory.EXTENSION_RENDERER_MODE_ON, com.google.android.exoplayer2.DefaultRenderersFactory.EXTENSION_RENDERER_MODE_PREFER}" />
    </annotation>
  </item>
  <item name="com.google.android.exoplayer2.ExoPlayerFactory com.google.android.exoplayer2.SimpleExoPlayer newSimpleInstance(android.content.Context, com.google.android.exoplayer2.trackselection.TrackSelector, com.google.android.exoplayer2.LoadControl, int, long) 3">
    <annotation name="androidx.annotation.IntDef">
      <val name="value" val="{com.google.android.exoplayer2.DefaultRenderersFactory.EXTENSION_RENDERER_MODE_OFF, com.google.android.exoplayer2.DefaultRenderersFactory.EXTENSION_RENDERER_MODE_ON, com.google.android.exoplayer2.DefaultRenderersFactory.EXTENSION_RENDERER_MODE_PREFER}" />
    </annotation>
  </item>
  <item name="com.google.android.exoplayer2.ExoPlayerImpl android.util.Pair&lt;java.lang.Boolean,java.lang.Integer&gt; evaluateMediaItemTransitionReason(com.google.android.exoplayer2.PlaybackInfo, com.google.android.exoplayer2.PlaybackInfo, boolean, int, boolean) 3">
    <annotation name="androidx.annotation.IntDef">
      <val name="value" val="{com.google.android.exoplayer2.Player.DISCONTINUITY_REASON_PERIOD_TRANSITION, com.google.android.exoplayer2.Player.DISCONTINUITY_REASON_SEEK, com.google.android.exoplayer2.Player.DISCONTINUITY_REASON_SEEK_ADJUSTMENT, com.google.android.exoplayer2.Player.DISCONTINUITY_REASON_AD_INSERTION, com.google.android.exoplayer2.Player.DISCONTINUITY_REASON_INTERNAL}" />
    </annotation>
  </item>
  <item name="com.google.android.exoplayer2.ExoPlayerImpl int getPlaybackState()">
    <annotation name="androidx.annotation.IntDef">
      <val name="value" val="{com.google.android.exoplayer2.Player.STATE_IDLE, com.google.android.exoplayer2.Player.STATE_BUFFERING, com.google.android.exoplayer2.Player.STATE_READY, com.google.android.exoplayer2.Player.STATE_ENDED}" />
    </annotation>
  </item>
  <item name="com.google.android.exoplayer2.ExoPlayerImpl int getPlaybackSuppressionReason()">
    <annotation name="androidx.annotation.IntDef">
      <val name="value" val="{com.google.android.exoplayer2.Player.PLAYBACK_SUPPRESSION_REASON_NONE, com.google.android.exoplayer2.Player.PLAYBACK_SUPPRESSION_REASON_TRANSIENT_AUDIO_FOCUS_LOSS}" />
    </annotation>
  </item>
  <item name="com.google.android.exoplayer2.ExoPlayerImpl int getRepeatMode()">
    <annotation name="androidx.annotation.IntDef">
      <val name="value" val="{com.google.android.exoplayer2.Player.REPEAT_MODE_OFF, com.google.android.exoplayer2.Player.REPEAT_MODE_ONE, com.google.android.exoplayer2.Player.REPEAT_MODE_ALL}" />
    </annotation>
  </item>
  <item name="com.google.android.exoplayer2.ExoPlayerImpl pendingDiscontinuityReason">
    <annotation name="androidx.annotation.IntDef">
      <val name="value" val="{com.google.android.exoplayer2.Player.DISCONTINUITY_REASON_PERIOD_TRANSITION, com.google.android.exoplayer2.Player.DISCONTINUITY_REASON_SEEK, com.google.android.exoplayer2.Player.DISCONTINUITY_REASON_SEEK_ADJUSTMENT, com.google.android.exoplayer2.Player.DISCONTINUITY_REASON_AD_INSERTION, com.google.android.exoplayer2.Player.DISCONTINUITY_REASON_INTERNAL}" />
    </annotation>
  </item>
  <item name="com.google.android.exoplayer2.ExoPlayerImpl pendingPlayWhenReadyChangeReason">
    <annotation name="androidx.annotation.IntDef">
      <val name="value" val="{com.google.android.exoplayer2.Player.PLAY_WHEN_READY_CHANGE_REASON_USER_REQUEST, com.google.android.exoplayer2.Player.PLAY_WHEN_READY_CHANGE_REASON_AUDIO_FOCUS_LOSS, com.google.android.exoplayer2.Player.PLAY_WHEN_READY_CHANGE_REASON_AUDIO_BECOMING_NOISY, com.google.android.exoplayer2.Player.PLAY_WHEN_READY_CHANGE_REASON_REMOTE, com.google.android.exoplayer2.Player.PLAY_WHEN_READY_CHANGE_REASON_END_OF_MEDIA_ITEM}" />
    </annotation>
  </item>
  <item name="com.google.android.exoplayer2.ExoPlayerImpl repeatMode">
    <annotation name="androidx.annotation.IntDef">
      <val name="value" val="{com.google.android.exoplayer2.Player.REPEAT_MODE_OFF, com.google.android.exoplayer2.Player.REPEAT_MODE_ONE, com.google.android.exoplayer2.Player.REPEAT_MODE_ALL}" />
    </annotation>
  </item>
  <item name="com.google.android.exoplayer2.ExoPlayerImpl void setPlayWhenReady(boolean, int, int) 1">
    <annotation name="androidx.annotation.IntDef">
      <val name="value" val="{com.google.android.exoplayer2.Player.PLAYBACK_SUPPRESSION_REASON_NONE, com.google.android.exoplayer2.Player.PLAYBACK_SUPPRESSION_REASON_TRANSIENT_AUDIO_FOCUS_LOSS}" />
    </annotation>
  </item>
  <item name="com.google.android.exoplayer2.ExoPlayerImpl void setPlayWhenReady(boolean, int, int) 2">
    <annotation name="androidx.annotation.IntDef">
      <val name="value" val="{com.google.android.exoplayer2.Player.PLAY_WHEN_READY_CHANGE_REASON_USER_REQUEST, com.google.android.exoplayer2.Player.PLAY_WHEN_READY_CHANGE_REASON_AUDIO_FOCUS_LOSS, com.google.android.exoplayer2.Player.PLAY_WHEN_READY_CHANGE_REASON_AUDIO_BECOMING_NOISY, com.google.android.exoplayer2.Player.PLAY_WHEN_READY_CHANGE_REASON_REMOTE, com.google.android.exoplayer2.Player.PLAY_WHEN_READY_CHANGE_REASON_END_OF_MEDIA_ITEM}" />
    </annotation>
  </item>
  <item name="com.google.android.exoplayer2.ExoPlayerImpl void setRepeatMode(int) 0">
    <annotation name="androidx.annotation.IntDef">
      <val name="value" val="{com.google.android.exoplayer2.Player.REPEAT_MODE_OFF, com.google.android.exoplayer2.Player.REPEAT_MODE_ONE, com.google.android.exoplayer2.Player.REPEAT_MODE_ALL}" />
    </annotation>
  </item>
  <item name="com.google.android.exoplayer2.ExoPlayerImpl void updatePlaybackInfo(com.google.android.exoplayer2.PlaybackInfo, boolean, int, int, int, boolean) 2">
    <annotation name="androidx.annotation.IntDef">
      <val name="value" val="{com.google.android.exoplayer2.Player.DISCONTINUITY_REASON_PERIOD_TRANSITION, com.google.android.exoplayer2.Player.DISCONTINUITY_REASON_SEEK, com.google.android.exoplayer2.Player.DISCONTINUITY_REASON_SEEK_ADJUSTMENT, com.google.android.exoplayer2.Player.DISCONTINUITY_REASON_AD_INSERTION, com.google.android.exoplayer2.Player.DISCONTINUITY_REASON_INTERNAL}" />
    </annotation>
  </item>
  <item name="com.google.android.exoplayer2.ExoPlayerImpl void updatePlaybackInfo(com.google.android.exoplayer2.PlaybackInfo, boolean, int, int, int, boolean) 3">
    <annotation name="androidx.annotation.IntDef">
      <val name="value" val="{com.google.android.exoplayer2.Player.TIMELINE_CHANGE_REASON_PLAYLIST_CHANGED, com.google.android.exoplayer2.Player.TIMELINE_CHANGE_REASON_SOURCE_UPDATE}" />
    </annotation>
  </item>
  <item name="com.google.android.exoplayer2.ExoPlayerImpl void updatePlaybackInfo(com.google.android.exoplayer2.PlaybackInfo, boolean, int, int, int, boolean) 4">
    <annotation name="androidx.annotation.IntDef">
      <val name="value" val="{com.google.android.exoplayer2.Player.PLAY_WHEN_READY_CHANGE_REASON_USER_REQUEST, com.google.android.exoplayer2.Player.PLAY_WHEN_READY_CHANGE_REASON_AUDIO_FOCUS_LOSS, com.google.android.exoplayer2.Player.PLAY_WHEN_READY_CHANGE_REASON_AUDIO_BECOMING_NOISY, com.google.android.exoplayer2.Player.PLAY_WHEN_READY_CHANGE_REASON_REMOTE, com.google.android.exoplayer2.Player.PLAY_WHEN_READY_CHANGE_REASON_END_OF_MEDIA_ITEM}" />
    </annotation>
  </item>
  <item name="com.google.android.exoplayer2.ExoPlayerImpl.PlaybackInfoUpdate PlaybackInfoUpdate(com.google.android.exoplayer2.PlaybackInfo, com.google.android.exoplayer2.PlaybackInfo, java.util.concurrent.CopyOnWriteArrayList&lt;com.google.android.exoplayer2.BasePlayer.ListenerHolder&gt;, com.google.android.exoplayer2.trackselection.TrackSelector, boolean, int, int, boolean, int, com.google.android.exoplayer2.MediaItem, int, boolean) 10">
    <annotation name="androidx.annotation.IntDef">
      <val name="value" val="{com.google.android.exoplayer2.Player.PLAY_WHEN_READY_CHANGE_REASON_USER_REQUEST, com.google.android.exoplayer2.Player.PLAY_WHEN_READY_CHANGE_REASON_AUDIO_FOCUS_LOSS, com.google.android.exoplayer2.Player.PLAY_WHEN_READY_CHANGE_REASON_AUDIO_BECOMING_NOISY, com.google.android.exoplayer2.Player.PLAY_WHEN_READY_CHANGE_REASON_REMOTE, com.google.android.exoplayer2.Player.PLAY_WHEN_READY_CHANGE_REASON_END_OF_MEDIA_ITEM}" />
    </annotation>
  </item>
  <item name="com.google.android.exoplayer2.ExoPlayerImpl.PlaybackInfoUpdate PlaybackInfoUpdate(com.google.android.exoplayer2.PlaybackInfo, com.google.android.exoplayer2.PlaybackInfo, java.util.concurrent.CopyOnWriteArrayList&lt;com.google.android.exoplayer2.BasePlayer.ListenerHolder&gt;, com.google.android.exoplayer2.trackselection.TrackSelector, boolean, int, int, boolean, int, com.google.android.exoplayer2.MediaItem, int, boolean) 5">
    <annotation name="androidx.annotation.IntDef">
      <val name="value" val="{com.google.android.exoplayer2.Player.DISCONTINUITY_REASON_PERIOD_TRANSITION, com.google.android.exoplayer2.Player.DISCONTINUITY_REASON_SEEK, com.google.android.exoplayer2.Player.DISCONTINUITY_REASON_SEEK_ADJUSTMENT, com.google.android.exoplayer2.Player.DISCONTINUITY_REASON_AD_INSERTION, com.google.android.exoplayer2.Player.DISCONTINUITY_REASON_INTERNAL}" />
    </annotation>
  </item>
  <item name="com.google.android.exoplayer2.ExoPlayerImpl.PlaybackInfoUpdate PlaybackInfoUpdate(com.google.android.exoplayer2.PlaybackInfo, com.google.android.exoplayer2.PlaybackInfo, java.util.concurrent.CopyOnWriteArrayList&lt;com.google.android.exoplayer2.BasePlayer.ListenerHolder&gt;, com.google.android.exoplayer2.trackselection.TrackSelector, boolean, int, int, boolean, int, com.google.android.exoplayer2.MediaItem, int, boolean) 6">
    <annotation name="androidx.annotation.IntDef">
      <val name="value" val="{com.google.android.exoplayer2.Player.TIMELINE_CHANGE_REASON_PLAYLIST_CHANGED, com.google.android.exoplayer2.Player.TIMELINE_CHANGE_REASON_SOURCE_UPDATE}" />
    </annotation>
  </item>
  <item name="com.google.android.exoplayer2.ExoPlayerImpl.PlaybackInfoUpdate PlaybackInfoUpdate(com.google.android.exoplayer2.PlaybackInfo, com.google.android.exoplayer2.PlaybackInfo, java.util.concurrent.CopyOnWriteArrayList&lt;com.google.android.exoplayer2.BasePlayer.ListenerHolder&gt;, com.google.android.exoplayer2.trackselection.TrackSelector, boolean, int, int, boolean, int, com.google.android.exoplayer2.MediaItem, int, boolean) 8">
    <annotation name="androidx.annotation.IntDef">
      <val name="value" val="{com.google.android.exoplayer2.Player.MEDIA_ITEM_TRANSITION_REASON_REPEAT, com.google.android.exoplayer2.Player.MEDIA_ITEM_TRANSITION_REASON_AUTO, com.google.android.exoplayer2.Player.MEDIA_ITEM_TRANSITION_REASON_SEEK, com.google.android.exoplayer2.Player.MEDIA_ITEM_TRANSITION_REASON_PLAYLIST_CHANGED}" />
    </annotation>
  </item>
  <item name="com.google.android.exoplayer2.ExoPlayerImpl.PlaybackInfoUpdate playWhenReadyChangeReason">
    <annotation name="androidx.annotation.IntDef">
      <val name="value" val="{com.google.android.exoplayer2.Player.PLAY_WHEN_READY_CHANGE_REASON_USER_REQUEST, com.google.android.exoplayer2.Player.PLAY_WHEN_READY_CHANGE_REASON_AUDIO_FOCUS_LOSS, com.google.android.exoplayer2.Player.PLAY_WHEN_READY_CHANGE_REASON_AUDIO_BECOMING_NOISY, com.google.android.exoplayer2.Player.PLAY_WHEN_READY_CHANGE_REASON_REMOTE, com.google.android.exoplayer2.Player.PLAY_WHEN_READY_CHANGE_REASON_END_OF_MEDIA_ITEM}" />
    </annotation>
  </item>
  <item name="com.google.android.exoplayer2.ExoPlayerImpl.PlaybackInfoUpdate positionDiscontinuityReason">
    <annotation name="androidx.annotation.IntDef">
      <val name="value" val="{com.google.android.exoplayer2.Player.DISCONTINUITY_REASON_PERIOD_TRANSITION, com.google.android.exoplayer2.Player.DISCONTINUITY_REASON_SEEK, com.google.android.exoplayer2.Player.DISCONTINUITY_REASON_SEEK_ADJUSTMENT, com.google.android.exoplayer2.Player.DISCONTINUITY_REASON_AD_INSERTION, com.google.android.exoplayer2.Player.DISCONTINUITY_REASON_INTERNAL}" />
    </annotation>
  </item>
  <item name="com.google.android.exoplayer2.ExoPlayerImpl.PlaybackInfoUpdate timelineChangeReason">
    <annotation name="androidx.annotation.IntDef">
      <val name="value" val="{com.google.android.exoplayer2.Player.TIMELINE_CHANGE_REASON_PLAYLIST_CHANGED, com.google.android.exoplayer2.Player.TIMELINE_CHANGE_REASON_SOURCE_UPDATE}" />
    </annotation>
  </item>
  <item name="com.google.android.exoplayer2.ExoPlayerImplInternal ExoPlayerImplInternal(com.google.android.exoplayer2.Renderer[], com.google.android.exoplayer2.trackselection.TrackSelector, com.google.android.exoplayer2.trackselection.TrackSelectorResult, com.google.android.exoplayer2.LoadControl, com.google.android.exoplayer2.upstream.BandwidthMeter, int, boolean, com.google.android.exoplayer2.analytics.AnalyticsCollector, com.google.android.exoplayer2.SeekParameters, boolean, android.os.Looper, com.google.android.exoplayer2.util.Clock, com.google.android.exoplayer2.ExoPlayerImplInternal.PlaybackInfoUpdateListener) 5">
    <annotation name="androidx.annotation.IntDef">
      <val name="value" val="{com.google.android.exoplayer2.Player.REPEAT_MODE_OFF, com.google.android.exoplayer2.Player.REPEAT_MODE_ONE, com.google.android.exoplayer2.Player.REPEAT_MODE_ALL}" />
    </annotation>
  </item>
  <item name="com.google.android.exoplayer2.ExoPlayerImplInternal android.util.Pair&lt;java.lang.Object,java.lang.Long&gt; resolveSeekPosition(com.google.android.exoplayer2.Timeline, com.google.android.exoplayer2.ExoPlayerImplInternal.SeekPosition, boolean, int, boolean, com.google.android.exoplayer2.Timeline.Window, com.google.android.exoplayer2.Timeline.Period) 3">
    <annotation name="androidx.annotation.IntDef">
      <val name="value" val="{com.google.android.exoplayer2.Player.REPEAT_MODE_OFF, com.google.android.exoplayer2.Player.REPEAT_MODE_ONE, com.google.android.exoplayer2.Player.REPEAT_MODE_ALL}" />
    </annotation>
  </item>
  <item name="com.google.android.exoplayer2.ExoPlayerImplInternal boolean resolvePendingMessagePosition(com.google.android.exoplayer2.ExoPlayerImplInternal.PendingMessageInfo, com.google.android.exoplayer2.Timeline, com.google.android.exoplayer2.Timeline, int, boolean, com.google.android.exoplayer2.Timeline.Window, com.google.android.exoplayer2.Timeline.Period) 3">
    <annotation name="androidx.annotation.IntDef">
      <val name="value" val="{com.google.android.exoplayer2.Player.REPEAT_MODE_OFF, com.google.android.exoplayer2.Player.REPEAT_MODE_ONE, com.google.android.exoplayer2.Player.REPEAT_MODE_ALL}" />
    </annotation>
  </item>
  <item name="com.google.android.exoplayer2.ExoPlayerImplInternal com.google.android.exoplayer2.ExoPlayerImplInternal.PositionUpdateForPlaylistChange resolvePositionForPlaylistChange(com.google.android.exoplayer2.Timeline, com.google.android.exoplayer2.PlaybackInfo, com.google.android.exoplayer2.ExoPlayerImplInternal.SeekPosition, com.google.android.exoplayer2.MediaPeriodQueue, int, boolean, com.google.android.exoplayer2.Timeline.Window, com.google.android.exoplayer2.Timeline.Period) 4">
    <annotation name="androidx.annotation.IntDef">
      <val name="value" val="{com.google.android.exoplayer2.Player.REPEAT_MODE_OFF, com.google.android.exoplayer2.Player.REPEAT_MODE_ONE, com.google.android.exoplayer2.Player.REPEAT_MODE_ALL}" />
    </annotation>
  </item>
  <item name="com.google.android.exoplayer2.ExoPlayerImplInternal java.lang.Object resolveSubsequentPeriod(com.google.android.exoplayer2.Timeline.Window, com.google.android.exoplayer2.Timeline.Period, int, boolean, java.lang.Object, com.google.android.exoplayer2.Timeline, com.google.android.exoplayer2.Timeline) 2">
    <annotation name="androidx.annotation.IntDef">
      <val name="value" val="{com.google.android.exoplayer2.Player.REPEAT_MODE_OFF, com.google.android.exoplayer2.Player.REPEAT_MODE_ONE, com.google.android.exoplayer2.Player.REPEAT_MODE_ALL}" />
    </annotation>
  </item>
  <item name="com.google.android.exoplayer2.ExoPlayerImplInternal repeatMode">
    <annotation name="androidx.annotation.IntDef">
      <val name="value" val="{com.google.android.exoplayer2.Player.REPEAT_MODE_OFF, com.google.android.exoplayer2.Player.REPEAT_MODE_ONE, com.google.android.exoplayer2.Player.REPEAT_MODE_ALL}" />
    </annotation>
  </item>
  <item name="com.google.android.exoplayer2.ExoPlayerImplInternal void setPlayWhenReady(boolean, int) 1">
    <annotation name="androidx.annotation.IntDef">
      <val name="value" val="{com.google.android.exoplayer2.Player.PLAYBACK_SUPPRESSION_REASON_NONE, com.google.android.exoplayer2.Player.PLAYBACK_SUPPRESSION_REASON_TRANSIENT_AUDIO_FOCUS_LOSS}" />
    </annotation>
  </item>
  <item name="com.google.android.exoplayer2.ExoPlayerImplInternal void setPlayWhenReadyInternal(boolean, int, boolean, int) 1">
    <annotation name="androidx.annotation.IntDef">
      <val name="value" val="{com.google.android.exoplayer2.Player.PLAYBACK_SUPPRESSION_REASON_NONE, com.google.android.exoplayer2.Player.PLAYBACK_SUPPRESSION_REASON_TRANSIENT_AUDIO_FOCUS_LOSS}" />
    </annotation>
  </item>
  <item name="com.google.android.exoplayer2.ExoPlayerImplInternal void setPlayWhenReadyInternal(boolean, int, boolean, int) 3">
    <annotation name="androidx.annotation.IntDef">
      <val name="value" val="{com.google.android.exoplayer2.Player.PLAY_WHEN_READY_CHANGE_REASON_USER_REQUEST, com.google.android.exoplayer2.Player.PLAY_WHEN_READY_CHANGE_REASON_AUDIO_FOCUS_LOSS, com.google.android.exoplayer2.Player.PLAY_WHEN_READY_CHANGE_REASON_AUDIO_BECOMING_NOISY, com.google.android.exoplayer2.Player.PLAY_WHEN_READY_CHANGE_REASON_REMOTE, com.google.android.exoplayer2.Player.PLAY_WHEN_READY_CHANGE_REASON_END_OF_MEDIA_ITEM}" />
    </annotation>
  </item>
  <item name="com.google.android.exoplayer2.ExoPlayerImplInternal void setRepeatMode(int) 0">
    <annotation name="androidx.annotation.IntDef">
      <val name="value" val="{com.google.android.exoplayer2.Player.REPEAT_MODE_OFF, com.google.android.exoplayer2.Player.REPEAT_MODE_ONE, com.google.android.exoplayer2.Player.REPEAT_MODE_ALL}" />
    </annotation>
  </item>
  <item name="com.google.android.exoplayer2.ExoPlayerImplInternal void setRepeatModeInternal(int) 0">
    <annotation name="androidx.annotation.IntDef">
      <val name="value" val="{com.google.android.exoplayer2.Player.REPEAT_MODE_OFF, com.google.android.exoplayer2.Player.REPEAT_MODE_ONE, com.google.android.exoplayer2.Player.REPEAT_MODE_ALL}" />
    </annotation>
  </item>
  <item name="com.google.android.exoplayer2.ExoPlayerImplInternal.PlaybackInfoUpdate discontinuityReason">
    <annotation name="androidx.annotation.IntDef">
      <val name="value" val="{com.google.android.exoplayer2.Player.DISCONTINUITY_REASON_PERIOD_TRANSITION, com.google.android.exoplayer2.Player.DISCONTINUITY_REASON_SEEK, com.google.android.exoplayer2.Player.DISCONTINUITY_REASON_SEEK_ADJUSTMENT, com.google.android.exoplayer2.Player.DISCONTINUITY_REASON_AD_INSERTION, com.google.android.exoplayer2.Player.DISCONTINUITY_REASON_INTERNAL}" />
    </annotation>
  </item>
  <item name="com.google.android.exoplayer2.ExoPlayerImplInternal.PlaybackInfoUpdate playWhenReadyChangeReason">
    <annotation name="androidx.annotation.IntDef">
      <val name="value" val="{com.google.android.exoplayer2.Player.PLAY_WHEN_READY_CHANGE_REASON_USER_REQUEST, com.google.android.exoplayer2.Player.PLAY_WHEN_READY_CHANGE_REASON_AUDIO_FOCUS_LOSS, com.google.android.exoplayer2.Player.PLAY_WHEN_READY_CHANGE_REASON_AUDIO_BECOMING_NOISY, com.google.android.exoplayer2.Player.PLAY_WHEN_READY_CHANGE_REASON_REMOTE, com.google.android.exoplayer2.Player.PLAY_WHEN_READY_CHANGE_REASON_END_OF_MEDIA_ITEM}" />
    </annotation>
  </item>
  <item name="com.google.android.exoplayer2.ExoPlayerImplInternal.PlaybackInfoUpdate void setPlayWhenReadyChangeReason(int) 0">
    <annotation name="androidx.annotation.IntDef">
      <val name="value" val="{com.google.android.exoplayer2.Player.PLAY_WHEN_READY_CHANGE_REASON_USER_REQUEST, com.google.android.exoplayer2.Player.PLAY_WHEN_READY_CHANGE_REASON_AUDIO_FOCUS_LOSS, com.google.android.exoplayer2.Player.PLAY_WHEN_READY_CHANGE_REASON_AUDIO_BECOMING_NOISY, com.google.android.exoplayer2.Player.PLAY_WHEN_READY_CHANGE_REASON_REMOTE, com.google.android.exoplayer2.Player.PLAY_WHEN_READY_CHANGE_REASON_END_OF_MEDIA_ITEM}" />
    </annotation>
  </item>
  <item name="com.google.android.exoplayer2.ExoPlayerImplInternal.PlaybackInfoUpdate void setPositionDiscontinuity(int) 0">
    <annotation name="androidx.annotation.IntDef">
      <val name="value" val="{com.google.android.exoplayer2.Player.DISCONTINUITY_REASON_PERIOD_TRANSITION, com.google.android.exoplayer2.Player.DISCONTINUITY_REASON_SEEK, com.google.android.exoplayer2.Player.DISCONTINUITY_REASON_SEEK_ADJUSTMENT, com.google.android.exoplayer2.Player.DISCONTINUITY_REASON_AD_INSERTION, com.google.android.exoplayer2.Player.DISCONTINUITY_REASON_INTERNAL}" />
    </annotation>
  </item>
  <item name="com.google.android.exoplayer2.MediaPeriodQueue boolean updateRepeatMode(com.google.android.exoplayer2.Timeline, int) 1">
    <annotation name="androidx.annotation.IntDef">
      <val name="value" val="{com.google.android.exoplayer2.Player.REPEAT_MODE_OFF, com.google.android.exoplayer2.Player.REPEAT_MODE_ONE, com.google.android.exoplayer2.Player.REPEAT_MODE_ALL}" />
    </annotation>
  </item>
  <item name="com.google.android.exoplayer2.MediaPeriodQueue repeatMode">
    <annotation name="androidx.annotation.IntDef">
      <val name="value" val="{com.google.android.exoplayer2.Player.REPEAT_MODE_OFF, com.google.android.exoplayer2.Player.REPEAT_MODE_ONE, com.google.android.exoplayer2.Player.REPEAT_MODE_ALL}" />
    </annotation>
  </item>
  <item name="com.google.android.exoplayer2.NoSampleRenderer int supportsFormat(com.google.android.exoplayer2.Format)">
  </item>
  <item name="com.google.android.exoplayer2.NoSampleRenderer int supportsMixedMimeTypeAdaptation()">
    <annotation name="androidx.annotation.IntDef">
      <val name="value" val="{com.google.android.exoplayer2.RendererCapabilities.ADAPTIVE_SEAMLESS, com.google.android.exoplayer2.RendererCapabilities.ADAPTIVE_NOT_SEAMLESS, com.google.android.exoplayer2.RendererCapabilities.ADAPTIVE_NOT_SUPPORTED}" />
    </annotation>
  </item>
  <item name="com.google.android.exoplayer2.PlaybackInfo PlaybackInfo(com.google.android.exoplayer2.Timeline, com.google.android.exoplayer2.source.MediaSource.MediaPeriodId, long, int, com.google.android.exoplayer2.ExoPlaybackException, boolean, com.google.android.exoplayer2.source.TrackGroupArray, com.google.android.exoplayer2.trackselection.TrackSelectorResult, com.google.android.exoplayer2.source.MediaSource.MediaPeriodId, boolean, int, com.google.android.exoplayer2.PlaybackParameters, long, long, long, boolean) 10">
    <annotation name="androidx.annotation.IntDef">
      <val name="value" val="{com.google.android.exoplayer2.Player.PLAYBACK_SUPPRESSION_REASON_NONE, com.google.android.exoplayer2.Player.PLAYBACK_SUPPRESSION_REASON_TRANSIENT_AUDIO_FOCUS_LOSS}" />
    </annotation>
  </item>
  <item name="com.google.android.exoplayer2.PlaybackInfo PlaybackInfo(com.google.android.exoplayer2.Timeline, com.google.android.exoplayer2.source.MediaSource.MediaPeriodId, long, int, com.google.android.exoplayer2.ExoPlaybackException, boolean, com.google.android.exoplayer2.source.TrackGroupArray, com.google.android.exoplayer2.trackselection.TrackSelectorResult, com.google.android.exoplayer2.source.MediaSource.MediaPeriodId, boolean, int, com.google.android.exoplayer2.PlaybackParameters, long, long, long, boolean) 3">
    <annotation name="androidx.annotation.IntDef">
      <val name="value" val="{com.google.android.exoplayer2.Player.STATE_IDLE, com.google.android.exoplayer2.Player.STATE_BUFFERING, com.google.android.exoplayer2.Player.STATE_READY, com.google.android.exoplayer2.Player.STATE_ENDED}" />
    </annotation>
  </item>
  <item name="com.google.android.exoplayer2.PlaybackInfo com.google.android.exoplayer2.PlaybackInfo copyWithPlayWhenReady(boolean, int) 1">
    <annotation name="androidx.annotation.IntDef">
      <val name="value" val="{com.google.android.exoplayer2.Player.PLAYBACK_SUPPRESSION_REASON_NONE, com.google.android.exoplayer2.Player.PLAYBACK_SUPPRESSION_REASON_TRANSIENT_AUDIO_FOCUS_LOSS}" />
    </annotation>
  </item>
  <item name="com.google.android.exoplayer2.PlaybackInfo playbackState">
    <annotation name="androidx.annotation.IntDef">
      <val name="value" val="{com.google.android.exoplayer2.Player.STATE_IDLE, com.google.android.exoplayer2.Player.STATE_BUFFERING, com.google.android.exoplayer2.Player.STATE_READY, com.google.android.exoplayer2.Player.STATE_ENDED}" />
    </annotation>
  </item>
  <item name="com.google.android.exoplayer2.PlaybackInfo playbackSuppressionReason">
    <annotation name="androidx.annotation.IntDef">
      <val name="value" val="{com.google.android.exoplayer2.Player.PLAYBACK_SUPPRESSION_REASON_NONE, com.google.android.exoplayer2.Player.PLAYBACK_SUPPRESSION_REASON_TRANSIENT_AUDIO_FOCUS_LOSS}" />
    </annotation>
  </item>
  <item name="com.google.android.exoplayer2.Player int getPlaybackState()">
    <annotation name="androidx.annotation.IntDef">
      <val name="value" val="{com.google.android.exoplayer2.Player.STATE_IDLE, com.google.android.exoplayer2.Player.STATE_BUFFERING, com.google.android.exoplayer2.Player.STATE_READY, com.google.android.exoplayer2.Player.STATE_ENDED}" />
    </annotation>
  </item>
  <item name="com.google.android.exoplayer2.Player int getPlaybackSuppressionReason()">
    <annotation name="androidx.annotation.IntDef">
      <val name="value" val="{com.google.android.exoplayer2.Player.PLAYBACK_SUPPRESSION_REASON_NONE, com.google.android.exoplayer2.Player.PLAYBACK_SUPPRESSION_REASON_TRANSIENT_AUDIO_FOCUS_LOSS}" />
    </annotation>
  </item>
  <item name="com.google.android.exoplayer2.Player int getRepeatMode()">
    <annotation name="androidx.annotation.IntDef">
      <val name="value" val="{com.google.android.exoplayer2.Player.REPEAT_MODE_OFF, com.google.android.exoplayer2.Player.REPEAT_MODE_ONE, com.google.android.exoplayer2.Player.REPEAT_MODE_ALL}" />
    </annotation>
  </item>
  <item name="com.google.android.exoplayer2.Player void setRepeatMode(int) 0">
    <annotation name="androidx.annotation.IntDef">
      <val name="value" val="{com.google.android.exoplayer2.Player.REPEAT_MODE_OFF, com.google.android.exoplayer2.Player.REPEAT_MODE_ONE, com.google.android.exoplayer2.Player.REPEAT_MODE_ALL}" />
    </annotation>
  </item>
  <item name="com.google.android.exoplayer2.Player.DefaultEventListener void onTimelineChanged(com.google.android.exoplayer2.Timeline, int) 1">
    <annotation name="androidx.annotation.IntDef">
      <val name="value" val="{com.google.android.exoplayer2.Player.TIMELINE_CHANGE_REASON_PLAYLIST_CHANGED, com.google.android.exoplayer2.Player.TIMELINE_CHANGE_REASON_SOURCE_UPDATE}" />
    </annotation>
  </item>
  <item name="com.google.android.exoplayer2.Player.DefaultEventListener void onTimelineChanged(com.google.android.exoplayer2.Timeline, java.lang.Object, int) 2">
    <annotation name="androidx.annotation.IntDef">
      <val name="value" val="{com.google.android.exoplayer2.Player.TIMELINE_CHANGE_REASON_PLAYLIST_CHANGED, com.google.android.exoplayer2.Player.TIMELINE_CHANGE_REASON_SOURCE_UPDATE}" />
    </annotation>
  </item>
  <item name="com.google.android.exoplayer2.Player.DiscontinuityReason">
    <annotation name="androidx.annotation.IntDef">
      <val name="value" val="{com.google.android.exoplayer2.Player.DISCONTINUITY_REASON_PERIOD_TRANSITION, com.google.android.exoplayer2.Player.DISCONTINUITY_REASON_SEEK, com.google.android.exoplayer2.Player.DISCONTINUITY_REASON_SEEK_ADJUSTMENT, com.google.android.exoplayer2.Player.DISCONTINUITY_REASON_AD_INSERTION, com.google.android.exoplayer2.Player.DISCONTINUITY_REASON_INTERNAL}" />
    </annotation>
  </item>
  <item name="com.google.android.exoplayer2.Player.EventListener void onMediaItemTransition(com.google.android.exoplayer2.MediaItem, int) 1">
    <annotation name="androidx.annotation.IntDef">
      <val name="value" val="{com.google.android.exoplayer2.Player.MEDIA_ITEM_TRANSITION_REASON_REPEAT, com.google.android.exoplayer2.Player.MEDIA_ITEM_TRANSITION_REASON_AUTO, com.google.android.exoplayer2.Player.MEDIA_ITEM_TRANSITION_REASON_SEEK, com.google.android.exoplayer2.Player.MEDIA_ITEM_TRANSITION_REASON_PLAYLIST_CHANGED}" />
    </annotation>
  </item>
  <item name="com.google.android.exoplayer2.Player.EventListener void onPlayWhenReadyChanged(boolean, int) 1">
    <annotation name="androidx.annotation.IntDef">
      <val name="value" val="{com.google.android.exoplayer2.Player.PLAY_WHEN_READY_CHANGE_REASON_USER_REQUEST, com.google.android.exoplayer2.Player.PLAY_WHEN_READY_CHANGE_REASON_AUDIO_FOCUS_LOSS, com.google.android.exoplayer2.Player.PLAY_WHEN_READY_CHANGE_REASON_AUDIO_BECOMING_NOISY, com.google.android.exoplayer2.Player.PLAY_WHEN_READY_CHANGE_REASON_REMOTE, com.google.android.exoplayer2.Player.PLAY_WHEN_READY_CHANGE_REASON_END_OF_MEDIA_ITEM}" />
    </annotation>
  </item>
  <item name="com.google.android.exoplayer2.Player.EventListener void onPlaybackStateChanged(int) 0">
    <annotation name="androidx.annotation.IntDef">
      <val name="value" val="{com.google.android.exoplayer2.Player.STATE_IDLE, com.google.android.exoplayer2.Player.STATE_BUFFERING, com.google.android.exoplayer2.Player.STATE_READY, com.google.android.exoplayer2.Player.STATE_ENDED}" />
    </annotation>
  </item>
  <item name="com.google.android.exoplayer2.Player.EventListener void onPlaybackSuppressionReasonChanged(int) 0">
    <annotation name="androidx.annotation.IntDef">
      <val name="value" val="{com.google.android.exoplayer2.Player.PLAYBACK_SUPPRESSION_REASON_NONE, com.google.android.exoplayer2.Player.PLAYBACK_SUPPRESSION_REASON_TRANSIENT_AUDIO_FOCUS_LOSS}" />
    </annotation>
  </item>
  <item name="com.google.android.exoplayer2.Player.EventListener void onPlayerStateChanged(boolean, int) 1">
    <annotation name="androidx.annotation.IntDef">
      <val name="value" val="{com.google.android.exoplayer2.Player.STATE_IDLE, com.google.android.exoplayer2.Player.STATE_BUFFERING, com.google.android.exoplayer2.Player.STATE_READY, com.google.android.exoplayer2.Player.STATE_ENDED}" />
    </annotation>
  </item>
  <item name="com.google.android.exoplayer2.Player.EventListener void onPositionDiscontinuity(int) 0">
    <annotation name="androidx.annotation.IntDef">
      <val name="value" val="{com.google.android.exoplayer2.Player.DISCONTINUITY_REASON_PERIOD_TRANSITION, com.google.android.exoplayer2.Player.DISCONTINUITY_REASON_SEEK, com.google.android.exoplayer2.Player.DISCONTINUITY_REASON_SEEK_ADJUSTMENT, com.google.android.exoplayer2.Player.DISCONTINUITY_REASON_AD_INSERTION, com.google.android.exoplayer2.Player.DISCONTINUITY_REASON_INTERNAL}" />
    </annotation>
  </item>
  <item name="com.google.android.exoplayer2.Player.EventListener void onRepeatModeChanged(int) 0">
    <annotation name="androidx.annotation.IntDef">
      <val name="value" val="{com.google.android.exoplayer2.Player.REPEAT_MODE_OFF, com.google.android.exoplayer2.Player.REPEAT_MODE_ONE, com.google.android.exoplayer2.Player.REPEAT_MODE_ALL}" />
    </annotation>
  </item>
  <item name="com.google.android.exoplayer2.Player.EventListener void onTimelineChanged(com.google.android.exoplayer2.Timeline, int) 1">
    <annotation name="androidx.annotation.IntDef">
      <val name="value" val="{com.google.android.exoplayer2.Player.TIMELINE_CHANGE_REASON_PLAYLIST_CHANGED, com.google.android.exoplayer2.Player.TIMELINE_CHANGE_REASON_SOURCE_UPDATE}" />
    </annotation>
  </item>
  <item name="com.google.android.exoplayer2.Player.EventListener void onTimelineChanged(com.google.android.exoplayer2.Timeline, java.lang.Object, int) 2">
    <annotation name="androidx.annotation.IntDef">
      <val name="value" val="{com.google.android.exoplayer2.Player.TIMELINE_CHANGE_REASON_PLAYLIST_CHANGED, com.google.android.exoplayer2.Player.TIMELINE_CHANGE_REASON_SOURCE_UPDATE}" />
    </annotation>
  </item>
  <item name="com.google.android.exoplayer2.Player.MediaItemTransitionReason">
    <annotation name="androidx.annotation.IntDef">
      <val name="value" val="{com.google.android.exoplayer2.Player.MEDIA_ITEM_TRANSITION_REASON_REPEAT, com.google.android.exoplayer2.Player.MEDIA_ITEM_TRANSITION_REASON_AUTO, com.google.android.exoplayer2.Player.MEDIA_ITEM_TRANSITION_REASON_SEEK, com.google.android.exoplayer2.Player.MEDIA_ITEM_TRANSITION_REASON_PLAYLIST_CHANGED}" />
    </annotation>
  </item>
  <item name="com.google.android.exoplayer2.Player.PlayWhenReadyChangeReason">
    <annotation name="androidx.annotation.IntDef">
      <val name="value" val="{com.google.android.exoplayer2.Player.PLAY_WHEN_READY_CHANGE_REASON_USER_REQUEST, com.google.android.exoplayer2.Player.PLAY_WHEN_READY_CHANGE_REASON_AUDIO_FOCUS_LOSS, com.google.android.exoplayer2.Player.PLAY_WHEN_READY_CHANGE_REASON_AUDIO_BECOMING_NOISY, com.google.android.exoplayer2.Player.PLAY_WHEN_READY_CHANGE_REASON_REMOTE, com.google.android.exoplayer2.Player.PLAY_WHEN_READY_CHANGE_REASON_END_OF_MEDIA_ITEM}" />
    </annotation>
  </item>
  <item name="com.google.android.exoplayer2.Player.PlaybackSuppressionReason">
    <annotation name="androidx.annotation.IntDef">
      <val name="value" val="{com.google.android.exoplayer2.Player.PLAYBACK_SUPPRESSION_REASON_NONE, com.google.android.exoplayer2.Player.PLAYBACK_SUPPRESSION_REASON_TRANSIENT_AUDIO_FOCUS_LOSS}" />
    </annotation>
  </item>
  <item name="com.google.android.exoplayer2.Player.RepeatMode">
    <annotation name="androidx.annotation.IntDef">
      <val name="value" val="{com.google.android.exoplayer2.Player.REPEAT_MODE_OFF, com.google.android.exoplayer2.Player.REPEAT_MODE_ONE, com.google.android.exoplayer2.Player.REPEAT_MODE_ALL}" />
    </annotation>
  </item>
  <item name="com.google.android.exoplayer2.Player.State">
    <annotation name="androidx.annotation.IntDef">
      <val name="value" val="{com.google.android.exoplayer2.Player.STATE_IDLE, com.google.android.exoplayer2.Player.STATE_BUFFERING, com.google.android.exoplayer2.Player.STATE_READY, com.google.android.exoplayer2.Player.STATE_ENDED}" />
    </annotation>
  </item>
  <item name="com.google.android.exoplayer2.Player.TimelineChangeReason">
    <annotation name="androidx.annotation.IntDef">
      <val name="value" val="{com.google.android.exoplayer2.Player.TIMELINE_CHANGE_REASON_PLAYLIST_CHANGED, com.google.android.exoplayer2.Player.TIMELINE_CHANGE_REASON_SOURCE_UPDATE}" />
    </annotation>
  </item>
  <item name="com.google.android.exoplayer2.Player.VideoComponent int getVideoScalingMode()">
    <annotation name="androidx.annotation.IntDef">
      <val name="value" val="{com.google.android.exoplayer2.Renderer.VIDEO_SCALING_MODE_DEFAULT, com.google.android.exoplayer2.Renderer.VIDEO_SCALING_MODE_SCALE_TO_FIT, com.google.android.exoplayer2.Renderer.VIDEO_SCALING_MODE_SCALE_TO_FIT_WITH_CROPPING}" />
    </annotation>
  </item>
  <item name="com.google.android.exoplayer2.Player.VideoComponent void setVideoScalingMode(int) 0">
    <annotation name="androidx.annotation.IntDef">
      <val name="value" val="{com.google.android.exoplayer2.Renderer.VIDEO_SCALING_MODE_DEFAULT, com.google.android.exoplayer2.Renderer.VIDEO_SCALING_MODE_SCALE_TO_FIT, com.google.android.exoplayer2.Renderer.VIDEO_SCALING_MODE_SCALE_TO_FIT_WITH_CROPPING}" />
    </annotation>
  </item>
  <item name="com.google.android.exoplayer2.Renderer int getState()">
    <annotation name="androidx.annotation.IntDef">
      <val name="value" val="{com.google.android.exoplayer2.Renderer.STATE_DISABLED, com.google.android.exoplayer2.Renderer.STATE_ENABLED, com.google.android.exoplayer2.Renderer.STATE_STARTED}" />
    </annotation>
  </item>
  <item name="com.google.android.exoplayer2.Renderer.State">
    <annotation name="androidx.annotation.IntDef">
      <val name="value" val="{com.google.android.exoplayer2.Renderer.STATE_DISABLED, com.google.android.exoplayer2.Renderer.STATE_ENABLED, com.google.android.exoplayer2.Renderer.STATE_STARTED}" />
    </annotation>
  </item>
  <item name="com.google.android.exoplayer2.Renderer.VideoScalingMode">
    <annotation name="androidx.annotation.IntDef">
      <val name="value" val="{com.google.android.exoplayer2.Renderer.VIDEO_SCALING_MODE_DEFAULT, com.google.android.exoplayer2.Renderer.VIDEO_SCALING_MODE_SCALE_TO_FIT, com.google.android.exoplayer2.Renderer.VIDEO_SCALING_MODE_SCALE_TO_FIT_WITH_CROPPING}" />
    </annotation>
  </item>
  <item name="com.google.android.exoplayer2.RendererCapabilities int create(int)">
  </item>
  <item name="com.google.android.exoplayer2.RendererCapabilities int create(int) 0">
    <annotation name="androidx.annotation.IntDef">
      <val name="value" val="{com.google.android.exoplayer2.RendererCapabilities.FORMAT_HANDLED, com.google.android.exoplayer2.RendererCapabilities.FORMAT_EXCEEDS_CAPABILITIES, com.google.android.exoplayer2.RendererCapabilities.FORMAT_UNSUPPORTED_DRM, com.google.android.exoplayer2.RendererCapabilities.FORMAT_UNSUPPORTED_SUBTYPE, com.google.android.exoplayer2.RendererCapabilities.FORMAT_UNSUPPORTED_TYPE}" />
    </annotation>
  </item>
  <item name="com.google.android.exoplayer2.RendererCapabilities int create(int, int, int)">
  </item>
  <item name="com.google.android.exoplayer2.RendererCapabilities int create(int, int, int) 0">
    <annotation name="androidx.annotation.IntDef">
      <val name="value" val="{com.google.android.exoplayer2.RendererCapabilities.FORMAT_HANDLED, com.google.android.exoplayer2.RendererCapabilities.FORMAT_EXCEEDS_CAPABILITIES, com.google.android.exoplayer2.RendererCapabilities.FORMAT_UNSUPPORTED_DRM, com.google.android.exoplayer2.RendererCapabilities.FORMAT_UNSUPPORTED_SUBTYPE, com.google.android.exoplayer2.RendererCapabilities.FORMAT_UNSUPPORTED_TYPE}" />
    </annotation>
  </item>
  <item name="com.google.android.exoplayer2.RendererCapabilities int create(int, int, int) 1">
    <annotation name="androidx.annotation.IntDef">
      <val name="value" val="{com.google.android.exoplayer2.RendererCapabilities.ADAPTIVE_SEAMLESS, com.google.android.exoplayer2.RendererCapabilities.ADAPTIVE_NOT_SEAMLESS, com.google.android.exoplayer2.RendererCapabilities.ADAPTIVE_NOT_SUPPORTED}" />
    </annotation>
  </item>
  <item name="com.google.android.exoplayer2.RendererCapabilities int create(int, int, int) 2">
    <annotation name="androidx.annotation.IntDef">
      <val name="value" val="{com.google.android.exoplayer2.RendererCapabilities.TUNNELING_SUPPORTED, com.google.android.exoplayer2.RendererCapabilities.TUNNELING_NOT_SUPPORTED}" />
    </annotation>
  </item>
  <item name="com.google.android.exoplayer2.RendererCapabilities int getAdaptiveSupport(int)">
    <annotation name="androidx.annotation.IntDef">
      <val name="value" val="{com.google.android.exoplayer2.RendererCapabilities.ADAPTIVE_SEAMLESS, com.google.android.exoplayer2.RendererCapabilities.ADAPTIVE_NOT_SEAMLESS, com.google.android.exoplayer2.RendererCapabilities.ADAPTIVE_NOT_SUPPORTED}" />
    </annotation>
  </item>
  <item name="com.google.android.exoplayer2.RendererCapabilities int getAdaptiveSupport(int) 0">
  </item>
  <item name="com.google.android.exoplayer2.RendererCapabilities int getFormatSupport(int)">
    <annotation name="androidx.annotation.IntDef">
      <val name="value" val="{com.google.android.exoplayer2.RendererCapabilities.FORMAT_HANDLED, com.google.android.exoplayer2.RendererCapabilities.FORMAT_EXCEEDS_CAPABILITIES, com.google.android.exoplayer2.RendererCapabilities.FORMAT_UNSUPPORTED_DRM, com.google.android.exoplayer2.RendererCapabilities.FORMAT_UNSUPPORTED_SUBTYPE, com.google.android.exoplayer2.RendererCapabilities.FORMAT_UNSUPPORTED_TYPE}" />
    </annotation>
  </item>
  <item name="com.google.android.exoplayer2.RendererCapabilities int getFormatSupport(int) 0">
  </item>
  <item name="com.google.android.exoplayer2.RendererCapabilities int getTunnelingSupport(int)">
    <annotation name="androidx.annotation.IntDef">
      <val name="value" val="{com.google.android.exoplayer2.RendererCapabilities.TUNNELING_SUPPORTED, com.google.android.exoplayer2.RendererCapabilities.TUNNELING_NOT_SUPPORTED}" />
    </annotation>
  </item>
  <item name="com.google.android.exoplayer2.RendererCapabilities int getTunnelingSupport(int) 0">
  </item>
  <item name="com.google.android.exoplayer2.RendererCapabilities int supportsFormat(com.google.android.exoplayer2.Format)">
  </item>
  <item name="com.google.android.exoplayer2.RendererCapabilities int supportsMixedMimeTypeAdaptation()">
    <annotation name="androidx.annotation.IntDef">
      <val name="value" val="{com.google.android.exoplayer2.RendererCapabilities.ADAPTIVE_SEAMLESS, com.google.android.exoplayer2.RendererCapabilities.ADAPTIVE_NOT_SEAMLESS, com.google.android.exoplayer2.RendererCapabilities.ADAPTIVE_NOT_SUPPORTED}" />
    </annotation>
  </item>
  <item name="com.google.android.exoplayer2.RendererCapabilities java.lang.String getFormatSupportString(int) 0">
    <annotation name="androidx.annotation.IntDef">
      <val name="value" val="{com.google.android.exoplayer2.RendererCapabilities.FORMAT_HANDLED, com.google.android.exoplayer2.RendererCapabilities.FORMAT_EXCEEDS_CAPABILITIES, com.google.android.exoplayer2.RendererCapabilities.FORMAT_UNSUPPORTED_DRM, com.google.android.exoplayer2.RendererCapabilities.FORMAT_UNSUPPORTED_SUBTYPE, com.google.android.exoplayer2.RendererCapabilities.FORMAT_UNSUPPORTED_TYPE}" />
    </annotation>
  </item>
  <item name="com.google.android.exoplayer2.RendererCapabilities.AdaptiveSupport">
    <annotation name="androidx.annotation.IntDef">
      <val name="value" val="{com.google.android.exoplayer2.RendererCapabilities.ADAPTIVE_SEAMLESS, com.google.android.exoplayer2.RendererCapabilities.ADAPTIVE_NOT_SEAMLESS, com.google.android.exoplayer2.RendererCapabilities.ADAPTIVE_NOT_SUPPORTED}" />
    </annotation>
  </item>
  <item name="com.google.android.exoplayer2.RendererCapabilities.Capabilities">
  </item>
  <item name="com.google.android.exoplayer2.RendererCapabilities.FormatSupport">
    <annotation name="androidx.annotation.IntDef">
      <val name="value" val="{com.google.android.exoplayer2.RendererCapabilities.FORMAT_HANDLED, com.google.android.exoplayer2.RendererCapabilities.FORMAT_EXCEEDS_CAPABILITIES, com.google.android.exoplayer2.RendererCapabilities.FORMAT_UNSUPPORTED_DRM, com.google.android.exoplayer2.RendererCapabilities.FORMAT_UNSUPPORTED_SUBTYPE, com.google.android.exoplayer2.RendererCapabilities.FORMAT_UNSUPPORTED_TYPE}" />
    </annotation>
  </item>
  <item name="com.google.android.exoplayer2.RendererCapabilities.TunnelingSupport">
    <annotation name="androidx.annotation.IntDef">
      <val name="value" val="{com.google.android.exoplayer2.RendererCapabilities.TUNNELING_SUPPORTED, com.google.android.exoplayer2.RendererCapabilities.TUNNELING_NOT_SUPPORTED}" />
    </annotation>
  </item>
  <item name="com.google.android.exoplayer2.SimpleExoPlayer int getPlaybackState()">
    <annotation name="androidx.annotation.IntDef">
      <val name="value" val="{com.google.android.exoplayer2.Player.STATE_IDLE, com.google.android.exoplayer2.Player.STATE_BUFFERING, com.google.android.exoplayer2.Player.STATE_READY, com.google.android.exoplayer2.Player.STATE_ENDED}" />
    </annotation>
  </item>
  <item name="com.google.android.exoplayer2.SimpleExoPlayer int getPlaybackSuppressionReason()">
    <annotation name="androidx.annotation.IntDef">
      <val name="value" val="{com.google.android.exoplayer2.Player.PLAYBACK_SUPPRESSION_REASON_NONE, com.google.android.exoplayer2.Player.PLAYBACK_SUPPRESSION_REASON_TRANSIENT_AUDIO_FOCUS_LOSS}" />
    </annotation>
  </item>
  <item name="com.google.android.exoplayer2.SimpleExoPlayer int getRepeatMode()">
    <annotation name="androidx.annotation.IntDef">
      <val name="value" val="{com.google.android.exoplayer2.Player.REPEAT_MODE_OFF, com.google.android.exoplayer2.Player.REPEAT_MODE_ONE, com.google.android.exoplayer2.Player.REPEAT_MODE_ALL}" />
    </annotation>
  </item>
  <item name="com.google.android.exoplayer2.SimpleExoPlayer int getVideoScalingMode()">
    <annotation name="androidx.annotation.IntDef">
      <val name="value" val="{com.google.android.exoplayer2.Renderer.VIDEO_SCALING_MODE_DEFAULT, com.google.android.exoplayer2.Renderer.VIDEO_SCALING_MODE_SCALE_TO_FIT, com.google.android.exoplayer2.Renderer.VIDEO_SCALING_MODE_SCALE_TO_FIT_WITH_CROPPING}" />
    </annotation>
  </item>
  <item name="com.google.android.exoplayer2.SimpleExoPlayer videoScalingMode">
    <annotation name="androidx.annotation.IntDef">
      <val name="value" val="{com.google.android.exoplayer2.Renderer.VIDEO_SCALING_MODE_DEFAULT, com.google.android.exoplayer2.Renderer.VIDEO_SCALING_MODE_SCALE_TO_FIT, com.google.android.exoplayer2.Renderer.VIDEO_SCALING_MODE_SCALE_TO_FIT_WITH_CROPPING}" />
    </annotation>
  </item>
  <item name="com.google.android.exoplayer2.SimpleExoPlayer void setRepeatMode(int) 0">
    <annotation name="androidx.annotation.IntDef">
      <val name="value" val="{com.google.android.exoplayer2.Player.REPEAT_MODE_OFF, com.google.android.exoplayer2.Player.REPEAT_MODE_ONE, com.google.android.exoplayer2.Player.REPEAT_MODE_ALL}" />
    </annotation>
  </item>
  <item name="com.google.android.exoplayer2.SimpleExoPlayer void setVideoScalingMode(int) 0">
    <annotation name="androidx.annotation.IntDef">
      <val name="value" val="{com.google.android.exoplayer2.Renderer.VIDEO_SCALING_MODE_DEFAULT, com.google.android.exoplayer2.Renderer.VIDEO_SCALING_MODE_SCALE_TO_FIT, com.google.android.exoplayer2.Renderer.VIDEO_SCALING_MODE_SCALE_TO_FIT_WITH_CROPPING}" />
    </annotation>
  </item>
  <item name="com.google.android.exoplayer2.SimpleExoPlayer void updatePlayWhenReady(boolean, int, int) 1">
    <annotation name="androidx.annotation.IntDef">
      <val name="value" val="{com.google.android.exoplayer2.AudioFocusManager.PLAYER_COMMAND_DO_NOT_PLAY, com.google.android.exoplayer2.AudioFocusManager.PLAYER_COMMAND_WAIT_FOR_CALLBACK, com.google.android.exoplayer2.AudioFocusManager.PLAYER_COMMAND_PLAY_WHEN_READY}" />
    </annotation>
  </item>
  <item name="com.google.android.exoplayer2.SimpleExoPlayer void updatePlayWhenReady(boolean, int, int) 2">
    <annotation name="androidx.annotation.IntDef">
      <val name="value" val="{com.google.android.exoplayer2.Player.PLAY_WHEN_READY_CHANGE_REASON_USER_REQUEST, com.google.android.exoplayer2.Player.PLAY_WHEN_READY_CHANGE_REASON_AUDIO_FOCUS_LOSS, com.google.android.exoplayer2.Player.PLAY_WHEN_READY_CHANGE_REASON_AUDIO_BECOMING_NOISY, com.google.android.exoplayer2.Player.PLAY_WHEN_READY_CHANGE_REASON_REMOTE, com.google.android.exoplayer2.Player.PLAY_WHEN_READY_CHANGE_REASON_END_OF_MEDIA_ITEM}" />
    </annotation>
  </item>
  <item name="com.google.android.exoplayer2.SimpleExoPlayer.Builder com.google.android.exoplayer2.SimpleExoPlayer.Builder setVideoScalingMode(int) 0">
    <annotation name="androidx.annotation.IntDef">
      <val name="value" val="{com.google.android.exoplayer2.Renderer.VIDEO_SCALING_MODE_DEFAULT, com.google.android.exoplayer2.Renderer.VIDEO_SCALING_MODE_SCALE_TO_FIT, com.google.android.exoplayer2.Renderer.VIDEO_SCALING_MODE_SCALE_TO_FIT_WITH_CROPPING}" />
    </annotation>
  </item>
  <item name="com.google.android.exoplayer2.SimpleExoPlayer.Builder videoScalingMode">
    <annotation name="androidx.annotation.IntDef">
      <val name="value" val="{com.google.android.exoplayer2.Renderer.VIDEO_SCALING_MODE_DEFAULT, com.google.android.exoplayer2.Renderer.VIDEO_SCALING_MODE_SCALE_TO_FIT, com.google.android.exoplayer2.Renderer.VIDEO_SCALING_MODE_SCALE_TO_FIT_WITH_CROPPING}" />
    </annotation>
  </item>
  <item name="com.google.android.exoplayer2.SimpleExoPlayer.ComponentListener void executePlayerCommand(int) 0">
    <annotation name="androidx.annotation.IntDef">
      <val name="value" val="{com.google.android.exoplayer2.AudioFocusManager.PLAYER_COMMAND_DO_NOT_PLAY, com.google.android.exoplayer2.AudioFocusManager.PLAYER_COMMAND_WAIT_FOR_CALLBACK, com.google.android.exoplayer2.AudioFocusManager.PLAYER_COMMAND_PLAY_WHEN_READY}" />
    </annotation>
  </item>
  <item name="com.google.android.exoplayer2.SimpleExoPlayer.ComponentListener void onPlayWhenReadyChanged(boolean, int) 1">
    <annotation name="androidx.annotation.IntDef">
      <val name="value" val="{com.google.android.exoplayer2.Player.PLAY_WHEN_READY_CHANGE_REASON_USER_REQUEST, com.google.android.exoplayer2.Player.PLAY_WHEN_READY_CHANGE_REASON_AUDIO_FOCUS_LOSS, com.google.android.exoplayer2.Player.PLAY_WHEN_READY_CHANGE_REASON_AUDIO_BECOMING_NOISY, com.google.android.exoplayer2.Player.PLAY_WHEN_READY_CHANGE_REASON_REMOTE, com.google.android.exoplayer2.Player.PLAY_WHEN_READY_CHANGE_REASON_END_OF_MEDIA_ITEM}" />
    </annotation>
  </item>
  <item name="com.google.android.exoplayer2.SimpleExoPlayer.ComponentListener void onPlaybackStateChanged(int) 0">
    <annotation name="androidx.annotation.IntDef">
      <val name="value" val="{com.google.android.exoplayer2.Player.STATE_IDLE, com.google.android.exoplayer2.Player.STATE_BUFFERING, com.google.android.exoplayer2.Player.STATE_READY, com.google.android.exoplayer2.Player.STATE_ENDED}" />
    </annotation>
  </item>
  <item name="com.google.android.exoplayer2.Timeline boolean isLastPeriod(int, com.google.android.exoplayer2.Timeline.Period, com.google.android.exoplayer2.Timeline.Window, int, boolean) 3">
    <annotation name="androidx.annotation.IntDef">
      <val name="value" val="{com.google.android.exoplayer2.Player.REPEAT_MODE_OFF, com.google.android.exoplayer2.Player.REPEAT_MODE_ONE, com.google.android.exoplayer2.Player.REPEAT_MODE_ALL}" />
    </annotation>
  </item>
  <item name="com.google.android.exoplayer2.Timeline int getNextPeriodIndex(int, com.google.android.exoplayer2.Timeline.Period, com.google.android.exoplayer2.Timeline.Window, int, boolean) 3">
    <annotation name="androidx.annotation.IntDef">
      <val name="value" val="{com.google.android.exoplayer2.Player.REPEAT_MODE_OFF, com.google.android.exoplayer2.Player.REPEAT_MODE_ONE, com.google.android.exoplayer2.Player.REPEAT_MODE_ALL}" />
    </annotation>
  </item>
  <item name="com.google.android.exoplayer2.Timeline int getNextWindowIndex(int, int, boolean) 1">
    <annotation name="androidx.annotation.IntDef">
      <val name="value" val="{com.google.android.exoplayer2.Player.REPEAT_MODE_OFF, com.google.android.exoplayer2.Player.REPEAT_MODE_ONE, com.google.android.exoplayer2.Player.REPEAT_MODE_ALL}" />
    </annotation>
  </item>
  <item name="com.google.android.exoplayer2.Timeline int getPreviousWindowIndex(int, int, boolean) 1">
    <annotation name="androidx.annotation.IntDef">
      <val name="value" val="{com.google.android.exoplayer2.Player.REPEAT_MODE_OFF, com.google.android.exoplayer2.Player.REPEAT_MODE_ONE, com.google.android.exoplayer2.Player.REPEAT_MODE_ALL}" />
    </annotation>
  </item>
</root>

