<?xml version="1.0" encoding="UTF-8"?>
<root>
  <item name="com.google.android.exoplayer2.text.ttml.TtmlRegion TtmlRegion(java.lang.String, float, float, int, int, float, float, int, float, int) 3">
    <annotation name="androidx.annotation.IntDef">
      <val name="value" val="{com.google.android.exoplayer2.text.Cue.TYPE_UNSET, com.google.android.exoplayer2.text.Cue.LINE_TYPE_FRACTION, com.google.android.exoplayer2.text.Cue.LINE_TYPE_NUMBER}" />
    </annotation>
  </item>
  <item name="com.google.android.exoplayer2.text.ttml.TtmlRegion TtmlRegion(java.lang.String, float, float, int, int, float, float, int, float, int) 4">
    <annotation name="androidx.annotation.IntDef">
      <val name="value" val="{com.google.android.exoplayer2.text.Cue.TYPE_UNSET, com.google.android.exoplayer2.text.Cue.ANCHOR_TYPE_START, com.google.android.exoplayer2.text.Cue.ANCHOR_TYPE_MIDDLE, com.google.android.exoplayer2.text.Cue.ANCHOR_TYPE_END}" />
    </annotation>
  </item>
  <item name="com.google.android.exoplayer2.text.ttml.TtmlRegion TtmlRegion(java.lang.String, float, float, int, int, float, float, int, float, int) 9">
    <annotation name="androidx.annotation.IntDef">
      <val name="value" val="{com.google.android.exoplayer2.text.Cue.TYPE_UNSET, com.google.android.exoplayer2.text.Cue.VERTICAL_TYPE_RL, com.google.android.exoplayer2.text.Cue.VERTICAL_TYPE_LR}" />
    </annotation>
  </item>
  <item name="com.google.android.exoplayer2.text.ttml.TtmlRegion lineAnchor">
    <annotation name="androidx.annotation.IntDef">
      <val name="value" val="{com.google.android.exoplayer2.text.Cue.TYPE_UNSET, com.google.android.exoplayer2.text.Cue.ANCHOR_TYPE_START, com.google.android.exoplayer2.text.Cue.ANCHOR_TYPE_MIDDLE, com.google.android.exoplayer2.text.Cue.ANCHOR_TYPE_END}" />
    </annotation>
  </item>
  <item name="com.google.android.exoplayer2.text.ttml.TtmlRegion lineType">
    <annotation name="androidx.annotation.IntDef">
      <val name="value" val="{com.google.android.exoplayer2.text.Cue.TYPE_UNSET, com.google.android.exoplayer2.text.Cue.LINE_TYPE_FRACTION, com.google.android.exoplayer2.text.Cue.LINE_TYPE_NUMBER}" />
    </annotation>
  </item>
  <item name="com.google.android.exoplayer2.text.ttml.TtmlRegion textSizeType">
    <annotation name="androidx.annotation.IntDef">
      <val name="value" val="{com.google.android.exoplayer2.text.Cue.TYPE_UNSET, com.google.android.exoplayer2.text.Cue.TEXT_SIZE_TYPE_FRACTIONAL, com.google.android.exoplayer2.text.Cue.TEXT_SIZE_TYPE_FRACTIONAL_IGNORE_PADDING, com.google.android.exoplayer2.text.Cue.TEXT_SIZE_TYPE_ABSOLUTE}" />
    </annotation>
  </item>
  <item name="com.google.android.exoplayer2.text.ttml.TtmlRegion verticalType">
    <annotation name="androidx.annotation.IntDef">
      <val name="value" val="{com.google.android.exoplayer2.text.Cue.TYPE_UNSET, com.google.android.exoplayer2.text.Cue.VERTICAL_TYPE_RL, com.google.android.exoplayer2.text.Cue.VERTICAL_TYPE_LR}" />
    </annotation>
  </item>
  <item name="com.google.android.exoplayer2.text.ttml.TtmlStyle bold">
    <annotation name="androidx.annotation.IntDef">
      <val name="value" val="{com.google.android.exoplayer2.text.ttml.TtmlStyle.UNSPECIFIED, com.google.android.exoplayer2.text.ttml.TtmlStyle.OFF, com.google.android.exoplayer2.text.ttml.TtmlStyle.ON}" />
    </annotation>
  </item>
  <item name="com.google.android.exoplayer2.text.ttml.TtmlStyle com.google.android.exoplayer2.text.ttml.TtmlStyle setRubyPosition(int) 0">
    <annotation name="androidx.annotation.IntDef">
      <val name="value" val="{com.google.android.exoplayer2.text.span.RubySpan.POSITION_UNKNOWN, com.google.android.exoplayer2.text.span.RubySpan.POSITION_OVER, com.google.android.exoplayer2.text.span.RubySpan.POSITION_UNDER}" />
    </annotation>
  </item>
  <item name="com.google.android.exoplayer2.text.ttml.TtmlStyle com.google.android.exoplayer2.text.ttml.TtmlStyle setRubyType(int) 0">
    <annotation name="androidx.annotation.IntDef">
      <val name="value" val="{com.google.android.exoplayer2.text.ttml.TtmlStyle.UNSPECIFIED, com.google.android.exoplayer2.text.ttml.TtmlStyle.RUBY_TYPE_CONTAINER, com.google.android.exoplayer2.text.ttml.TtmlStyle.RUBY_TYPE_BASE, com.google.android.exoplayer2.text.ttml.TtmlStyle.RUBY_TYPE_TEXT, com.google.android.exoplayer2.text.ttml.TtmlStyle.RUBY_TYPE_DELIMITER}" />
    </annotation>
  </item>
  <item name="com.google.android.exoplayer2.text.ttml.TtmlStyle fontSizeUnit">
    <annotation name="androidx.annotation.IntDef">
      <val name="value" val="{com.google.android.exoplayer2.text.ttml.TtmlStyle.UNSPECIFIED, com.google.android.exoplayer2.text.ttml.TtmlStyle.FONT_SIZE_UNIT_PIXEL, com.google.android.exoplayer2.text.ttml.TtmlStyle.FONT_SIZE_UNIT_EM, com.google.android.exoplayer2.text.ttml.TtmlStyle.FONT_SIZE_UNIT_PERCENT}" />
    </annotation>
  </item>
  <item name="com.google.android.exoplayer2.text.ttml.TtmlStyle int getFontSizeUnit()">
    <annotation name="androidx.annotation.IntDef">
      <val name="value" val="{com.google.android.exoplayer2.text.ttml.TtmlStyle.UNSPECIFIED, com.google.android.exoplayer2.text.ttml.TtmlStyle.FONT_SIZE_UNIT_PIXEL, com.google.android.exoplayer2.text.ttml.TtmlStyle.FONT_SIZE_UNIT_EM, com.google.android.exoplayer2.text.ttml.TtmlStyle.FONT_SIZE_UNIT_PERCENT}" />
    </annotation>
  </item>
  <item name="com.google.android.exoplayer2.text.ttml.TtmlStyle int getRubyPosition()">
    <annotation name="androidx.annotation.IntDef">
      <val name="value" val="{com.google.android.exoplayer2.text.span.RubySpan.POSITION_UNKNOWN, com.google.android.exoplayer2.text.span.RubySpan.POSITION_OVER, com.google.android.exoplayer2.text.span.RubySpan.POSITION_UNDER}" />
    </annotation>
  </item>
  <item name="com.google.android.exoplayer2.text.ttml.TtmlStyle int getRubyType()">
    <annotation name="androidx.annotation.IntDef">
      <val name="value" val="{com.google.android.exoplayer2.text.ttml.TtmlStyle.UNSPECIFIED, com.google.android.exoplayer2.text.ttml.TtmlStyle.RUBY_TYPE_CONTAINER, com.google.android.exoplayer2.text.ttml.TtmlStyle.RUBY_TYPE_BASE, com.google.android.exoplayer2.text.ttml.TtmlStyle.RUBY_TYPE_TEXT, com.google.android.exoplayer2.text.ttml.TtmlStyle.RUBY_TYPE_DELIMITER}" />
    </annotation>
  </item>
  <item name="com.google.android.exoplayer2.text.ttml.TtmlStyle int getStyle()">
    <annotation name="androidx.annotation.IntDef">
      <val name="flag" val="true" />
      <val name="value" val="{com.google.android.exoplayer2.text.ttml.TtmlStyle.UNSPECIFIED, com.google.android.exoplayer2.text.ttml.TtmlStyle.STYLE_NORMAL, com.google.android.exoplayer2.text.ttml.TtmlStyle.STYLE_BOLD, com.google.android.exoplayer2.text.ttml.TtmlStyle.STYLE_ITALIC, com.google.android.exoplayer2.text.ttml.TtmlStyle.STYLE_BOLD_ITALIC}" />
    </annotation>
  </item>
  <item name="com.google.android.exoplayer2.text.ttml.TtmlStyle italic">
    <annotation name="androidx.annotation.IntDef">
      <val name="value" val="{com.google.android.exoplayer2.text.ttml.TtmlStyle.UNSPECIFIED, com.google.android.exoplayer2.text.ttml.TtmlStyle.OFF, com.google.android.exoplayer2.text.ttml.TtmlStyle.ON}" />
    </annotation>
  </item>
  <item name="com.google.android.exoplayer2.text.ttml.TtmlStyle linethrough">
    <annotation name="androidx.annotation.IntDef">
      <val name="value" val="{com.google.android.exoplayer2.text.ttml.TtmlStyle.UNSPECIFIED, com.google.android.exoplayer2.text.ttml.TtmlStyle.OFF, com.google.android.exoplayer2.text.ttml.TtmlStyle.ON}" />
    </annotation>
  </item>
  <item name="com.google.android.exoplayer2.text.ttml.TtmlStyle rubyPosition">
    <annotation name="androidx.annotation.IntDef">
      <val name="value" val="{com.google.android.exoplayer2.text.span.RubySpan.POSITION_UNKNOWN, com.google.android.exoplayer2.text.span.RubySpan.POSITION_OVER, com.google.android.exoplayer2.text.span.RubySpan.POSITION_UNDER}" />
    </annotation>
  </item>
  <item name="com.google.android.exoplayer2.text.ttml.TtmlStyle rubyType">
    <annotation name="androidx.annotation.IntDef">
      <val name="value" val="{com.google.android.exoplayer2.text.ttml.TtmlStyle.UNSPECIFIED, com.google.android.exoplayer2.text.ttml.TtmlStyle.RUBY_TYPE_CONTAINER, com.google.android.exoplayer2.text.ttml.TtmlStyle.RUBY_TYPE_BASE, com.google.android.exoplayer2.text.ttml.TtmlStyle.RUBY_TYPE_TEXT, com.google.android.exoplayer2.text.ttml.TtmlStyle.RUBY_TYPE_DELIMITER}" />
    </annotation>
  </item>
  <item name="com.google.android.exoplayer2.text.ttml.TtmlStyle textCombine">
    <annotation name="androidx.annotation.IntDef">
      <val name="value" val="{com.google.android.exoplayer2.text.ttml.TtmlStyle.UNSPECIFIED, com.google.android.exoplayer2.text.ttml.TtmlStyle.OFF, com.google.android.exoplayer2.text.ttml.TtmlStyle.ON}" />
    </annotation>
  </item>
  <item name="com.google.android.exoplayer2.text.ttml.TtmlStyle underline">
    <annotation name="androidx.annotation.IntDef">
      <val name="value" val="{com.google.android.exoplayer2.text.ttml.TtmlStyle.UNSPECIFIED, com.google.android.exoplayer2.text.ttml.TtmlStyle.OFF, com.google.android.exoplayer2.text.ttml.TtmlStyle.ON}" />
    </annotation>
  </item>
  <item name="com.google.android.exoplayer2.text.ttml.TtmlStyle.FontSizeUnit">
    <annotation name="androidx.annotation.IntDef">
      <val name="value" val="{com.google.android.exoplayer2.text.ttml.TtmlStyle.UNSPECIFIED, com.google.android.exoplayer2.text.ttml.TtmlStyle.FONT_SIZE_UNIT_PIXEL, com.google.android.exoplayer2.text.ttml.TtmlStyle.FONT_SIZE_UNIT_EM, com.google.android.exoplayer2.text.ttml.TtmlStyle.FONT_SIZE_UNIT_PERCENT}" />
    </annotation>
  </item>
  <item name="com.google.android.exoplayer2.text.ttml.TtmlStyle.RubyType">
    <annotation name="androidx.annotation.IntDef">
      <val name="value" val="{com.google.android.exoplayer2.text.ttml.TtmlStyle.UNSPECIFIED, com.google.android.exoplayer2.text.ttml.TtmlStyle.RUBY_TYPE_CONTAINER, com.google.android.exoplayer2.text.ttml.TtmlStyle.RUBY_TYPE_BASE, com.google.android.exoplayer2.text.ttml.TtmlStyle.RUBY_TYPE_TEXT, com.google.android.exoplayer2.text.ttml.TtmlStyle.RUBY_TYPE_DELIMITER}" />
    </annotation>
  </item>
  <item name="com.google.android.exoplayer2.text.ttml.TtmlStyle.StyleFlags">
    <annotation name="androidx.annotation.IntDef">
      <val name="flag" val="true" />
      <val name="value" val="{com.google.android.exoplayer2.text.ttml.TtmlStyle.UNSPECIFIED, com.google.android.exoplayer2.text.ttml.TtmlStyle.STYLE_NORMAL, com.google.android.exoplayer2.text.ttml.TtmlStyle.STYLE_BOLD, com.google.android.exoplayer2.text.ttml.TtmlStyle.STYLE_ITALIC, com.google.android.exoplayer2.text.ttml.TtmlStyle.STYLE_BOLD_ITALIC}" />
    </annotation>
  </item>
</root>

