<?xml version="1.0" encoding="UTF-8"?>
<root>
  <item name="com.google.android.exoplayer2.mediacodec.AsynchronousMediaCodecAdapter state">
    <annotation name="androidx.annotation.IntDef">
      <val name="value" val="{com.google.android.exoplayer2.mediacodec.AsynchronousMediaCodecAdapter.STATE_CREATED, com.google.android.exoplayer2.mediacodec.AsynchronousMediaCodecAdapter.STATE_CONFIGURED, com.google.android.exoplayer2.mediacodec.AsynchronousMediaCodecAdapter.STATE_STARTED, com.google.android.exoplayer2.mediacodec.AsynchronousMediaCodecAdapter.STATE_SHUT_DOWN}" />
    </annotation>
  </item>
  <item name="com.google.android.exoplayer2.mediacodec.MediaCodecRenderer codecAdaptationWorkaroundMode">
    <annotation name="androidx.annotation.IntDef">
      <val name="value" val="{com.google.android.exoplayer2.mediacodec.MediaCodecRenderer.ADAPTATION_WORKAROUND_MODE_NEVER, com.google.android.exoplayer2.mediacodec.MediaCodecRenderer.ADAPTATION_WORKAROUND_MODE_SAME_RESOLUTION, com.google.android.exoplayer2.mediacodec.MediaCodecRenderer.ADAPTATION_WORKAROUND_MODE_ALWAYS}" />
    </annotation>
  </item>
  <item name="com.google.android.exoplayer2.mediacodec.MediaCodecRenderer codecDrainAction">
    <annotation name="androidx.annotation.IntDef">
      <val name="value" val="{com.google.android.exoplayer2.mediacodec.MediaCodecRenderer.DRAIN_ACTION_NONE, com.google.android.exoplayer2.mediacodec.MediaCodecRenderer.DRAIN_ACTION_FLUSH, com.google.android.exoplayer2.mediacodec.MediaCodecRenderer.DRAIN_ACTION_UPDATE_DRM_SESSION, com.google.android.exoplayer2.mediacodec.MediaCodecRenderer.DRAIN_ACTION_REINITIALIZE}" />
    </annotation>
  </item>
  <item name="com.google.android.exoplayer2.mediacodec.MediaCodecRenderer codecDrainState">
    <annotation name="androidx.annotation.IntDef">
      <val name="value" val="{com.google.android.exoplayer2.mediacodec.MediaCodecRenderer.DRAIN_STATE_NONE, com.google.android.exoplayer2.mediacodec.MediaCodecRenderer.DRAIN_STATE_SIGNAL_END_OF_STREAM, com.google.android.exoplayer2.mediacodec.MediaCodecRenderer.DRAIN_STATE_WAIT_END_OF_STREAM}" />
    </annotation>
  </item>
  <item name="com.google.android.exoplayer2.mediacodec.MediaCodecRenderer codecReconfigurationState">
    <annotation name="androidx.annotation.IntDef">
      <val name="value" val="{com.google.android.exoplayer2.mediacodec.MediaCodecRenderer.RECONFIGURATION_STATE_NONE, com.google.android.exoplayer2.mediacodec.MediaCodecRenderer.RECONFIGURATION_STATE_WRITE_PENDING, com.google.android.exoplayer2.mediacodec.MediaCodecRenderer.RECONFIGURATION_STATE_QUEUE_PENDING}" />
    </annotation>
  </item>
  <item name="com.google.android.exoplayer2.mediacodec.MediaCodecRenderer int canKeepCodec(android.media.MediaCodec, com.google.android.exoplayer2.mediacodec.MediaCodecInfo, com.google.android.exoplayer2.Format, com.google.android.exoplayer2.Format)">
    <annotation name="androidx.annotation.IntDef">
      <val name="value" val="{com.google.android.exoplayer2.mediacodec.MediaCodecRenderer.KEEP_CODEC_RESULT_NO, com.google.android.exoplayer2.mediacodec.MediaCodecRenderer.KEEP_CODEC_RESULT_YES_WITH_FLUSH, com.google.android.exoplayer2.mediacodec.MediaCodecRenderer.KEEP_CODEC_RESULT_YES_WITH_RECONFIGURATION, com.google.android.exoplayer2.mediacodec.MediaCodecRenderer.KEEP_CODEC_RESULT_YES_WITHOUT_RECONFIGURATION}" />
    </annotation>
  </item>
  <item name="com.google.android.exoplayer2.mediacodec.MediaCodecRenderer int codecAdaptationWorkaroundMode(java.lang.String)">
    <annotation name="androidx.annotation.IntDef">
      <val name="value" val="{com.google.android.exoplayer2.mediacodec.MediaCodecRenderer.ADAPTATION_WORKAROUND_MODE_NEVER, com.google.android.exoplayer2.mediacodec.MediaCodecRenderer.ADAPTATION_WORKAROUND_MODE_SAME_RESOLUTION, com.google.android.exoplayer2.mediacodec.MediaCodecRenderer.ADAPTATION_WORKAROUND_MODE_ALWAYS}" />
    </annotation>
  </item>
  <item name="com.google.android.exoplayer2.mediacodec.MediaCodecRenderer int supportsFormat(com.google.android.exoplayer2.Format)">
  </item>
  <item name="com.google.android.exoplayer2.mediacodec.MediaCodecRenderer int supportsFormat(com.google.android.exoplayer2.mediacodec.MediaCodecSelector, com.google.android.exoplayer2.Format)">
  </item>
  <item name="com.google.android.exoplayer2.mediacodec.MediaCodecRenderer int supportsMixedMimeTypeAdaptation()">
    <annotation name="androidx.annotation.IntDef">
      <val name="value" val="{com.google.android.exoplayer2.RendererCapabilities.ADAPTIVE_SEAMLESS, com.google.android.exoplayer2.RendererCapabilities.ADAPTIVE_NOT_SEAMLESS, com.google.android.exoplayer2.RendererCapabilities.ADAPTIVE_NOT_SUPPORTED}" />
    </annotation>
  </item>
  <item name="com.google.android.exoplayer2.mediacodec.MediaCodecRenderer mediaCodecOperationMode">
    <annotation name="androidx.annotation.IntDef">
      <val name="value" val="{com.google.android.exoplayer2.mediacodec.MediaCodecRenderer.OPERATION_MODE_SYNCHRONOUS, com.google.android.exoplayer2.mediacodec.MediaCodecRenderer.OPERATION_MODE_ASYNCHRONOUS_DEDICATED_THREAD, com.google.android.exoplayer2.mediacodec.MediaCodecRenderer.OPERATION_MODE_ASYNCHRONOUS_DEDICATED_THREAD_ASYNCHRONOUS_QUEUEING}" />
    </annotation>
  </item>
  <item name="com.google.android.exoplayer2.mediacodec.MediaCodecRenderer void experimentalSetMediaCodecOperationMode(int) 0">
    <annotation name="androidx.annotation.IntDef">
      <val name="value" val="{com.google.android.exoplayer2.mediacodec.MediaCodecRenderer.OPERATION_MODE_SYNCHRONOUS, com.google.android.exoplayer2.mediacodec.MediaCodecRenderer.OPERATION_MODE_ASYNCHRONOUS_DEDICATED_THREAD, com.google.android.exoplayer2.mediacodec.MediaCodecRenderer.OPERATION_MODE_ASYNCHRONOUS_DEDICATED_THREAD_ASYNCHRONOUS_QUEUEING}" />
    </annotation>
  </item>
  <item name="com.google.android.exoplayer2.mediacodec.MediaCodecRenderer.MediaCodecOperationMode">
    <annotation name="androidx.annotation.IntDef">
      <val name="value" val="{com.google.android.exoplayer2.mediacodec.MediaCodecRenderer.OPERATION_MODE_SYNCHRONOUS, com.google.android.exoplayer2.mediacodec.MediaCodecRenderer.OPERATION_MODE_ASYNCHRONOUS_DEDICATED_THREAD, com.google.android.exoplayer2.mediacodec.MediaCodecRenderer.OPERATION_MODE_ASYNCHRONOUS_DEDICATED_THREAD_ASYNCHRONOUS_QUEUEING}" />
    </annotation>
  </item>
</root>

